"%1 details","Detalles de %1"
"%1 [Trace ID: %2]","%1 [Trace ID: %2]"
"%1 could not be reached to verify this API key. This is a connection problem rather than necessarily a problem with the key. Check that this store can make outbound requests, then try again.","No se ha podido contactar con %1 para verificar esta clave API. Se trata de un problema de conexión y no necesariamente de un problema con la clave. Comprueba que esta tienda pueda realizar solicitudes salientes e inténtalo de nuevo."
"%1 could not verify this API key because the service returned an error (HTTP %2). The key itself may be fine, so please try again shortly.","%1 no ha podido verificar esta clave API porque el servicio ha devuelto un error (HTTP %2). Puede que la clave sea correcta, así que inténtalo de nuevo en unos instantes."
"%1 customer address updated.","Dirección del cliente de %1 actualizada."
"%1 is a payment solution for B2B purchases online, allowing you to buy from your favourite merchants and suppliers on trade credit. Using %1, you can access flexible trade credit instantly to make purchasing simple.","%1 es una solución de pago para compras B2B en línea que te permite comprar a tus comerciantes y proveedores favoritos mediante crédito comercial. Con %1, puedes acceder al instante a crédito comercial flexible para simplificar tus compras."
"%1 order has been marked as cancelled","El pedido de %1 se ha marcado como cancelado"
"%1 order marked as completed.","Pedido de %1 marcado como completado."
"%1 order marked as partially completed.","Pedido de %1 marcado como parcialmente completado."
"%1 payment has been verified by the customer.","El pago de %1 ha sido verificado por el cliente."
"%1 requires whole order to be shipped before it can be fulfilled.","%1 requiere que se envíe el pedido completo antes de poder cumplirlo."
"%1 returned an unexpected response while verifying this API key, so it could not be confirmed. Please try again shortly.","%1 ha devuelto una respuesta inesperada al verificar esta clave API, por lo que no se ha podido confirmar. Inténtalo de nuevo en unos instantes."
"%1 terms and conditions","Términos y condiciones de %1"
"* Required Fields","* Campos obligatorios"
"Click to find out more","Haz clic para saber más"
"Show PO number field","Mostrar el campo de número de pedido de compra"
"This API key could not be verified by %1 (HTTP %2).","%1 no ha podido verificar esta clave API (HTTP %2)."
"This API key was rejected by %1. It may be invalid, expired, or issued for a different environment.","%1 ha rechazado esta clave API. Puede que no sea válida, que haya caducado o que se haya emitido para otro entorno."
"Show department field","Mostrar el campo de departamento"
"Show order note field","Mostrar el campo de nota del pedido"
"Show project field","Mostrar el campo de proyecto"
"Allowed countries","Países permitidos"
"Choose whether to enable this payment method for all allowed countries or only specific ones.","Elige si quieres habilitar este método de pago para todos los países permitidos o solo para algunos."
"Country availability","Disponibilidad por país"
"Select the countries where this payment method should be available.","Selecciona los países en los que debe estar disponible este método de pago."
"Amount is missing","Falta el importe"
"Business Invoice","Factura de empresa"
"Buy now, receive your goods, pay your invoice later.","Compra ahora, recibe tus productos y paga tu factura más tarde."
"Checking availability","Comprobando disponibilidad"
"Check last 100 debug log records","Comprobar los últimos 100 registros de depuración"
"Check last 100 error log records","Comprobar los últimos 100 registros de errores"
"City","Ciudad"
"%1 is not valid.","%1 no es válido."
"%1: %2.","%1: %2."
"Click here to log in or sign up as a Sole Trader.","Haz clic aquí para iniciar sesión o registrarte como autónomo."
"Company Number","Número de empresa"
"Company Name","Nombre de la empresa"
"Could not initiate capture with %1","No se ha podido iniciar la captura con %1"
"Could not initiate refund with %1","No se ha podido iniciar el reembolso con %1"
"Could not update %1 order status to cancelled. Please contact support with order ID %2. Error: %3","No se ha podido actualizar el estado del pedido de %1 a cancelado. Ponte en contacto con el servicio de asistencia indicando el ID de pedido %2. Error: %3"
"Country","País"
"Credit note","Nota de crédito"
"Department","Departamento"
"Download","Descargar"
"Download as .txt file","Descargar como archivo .txt"
"EOM+%1: pay %1 days after the end of the month","EOM+%1: paga %1 días después del final del mes"
"EOM+%1: pay %1 days after the end of the month, plus a %2 surcharge","EOM+%1: paga %1 días después del final del mes, más un recargo de %2"
"Email Address","Dirección de correo electrónico"
"Autofill company address","Autocompletar la dirección de la empresa"
"Enable company search in address entry","Activar la búsqueda de empresa en la introducción de la dirección"
"Enable order intent","Activar la intención de pedido"
"Enable payment method","Activar el método de pago"
"Validate tax subtotals","Validar subtotales de impuestos"
"Enter details manually","Introducir los datos manualmente"
"Enter manually","Introducir manualmente"
"Environment","Entorno"
"Failed to refund order with %1. Reason: %2","No se ha podido reembolsar el pedido con %1. Motivo: %2"
"Failed to update %1 customer address: %2","No se ha podido actualizar la dirección del cliente de %1: %2"
"First Name","Nombre"
"Fulfilment order status","Estado de pedido de cumplimiento"
"Fulfilment trigger","Activador del cumplimiento"
"General","General"
"Invalid API response from %1.","Respuesta de API no válida de %1."
"Invoice","Factura"
"Invoice purchase with %1 is not available for this order.","La compra con factura mediante %1 no está disponible para este pedido."
"Last 100 debug log lines","Últimas 100 líneas del registro de depuración"
"Last 100 error log records","Últimos 100 registros de errores"
"Last Name","Apellidos"
"Log is empty","El registro está vacío"
"OK","OK"
"On Completion","Al completar"
"On Invoice","Al facturar"
"On Shipment","Al enviar"
"Order Note","Nota del pedido"
"Order edit request was accepted by %1","La solicitud de edición del pedido fue aceptada por %1"
"PO Number","Número de pedido de compra"
"Payment","Pago"
"Payment method","Método de pago"
"Phone Number","Número de teléfono"
"Place Order","Realizar pedido"
"Please try again later.","Inténtalo de nuevo más tarde."
"Production","Producción"
"Project","Proyecto"
"Registered company","Empresa registrada"
"Sandbox","Entorno de pruebas"
"Search","Buscar"
"Search for company","Buscar empresa"
"Select a different sole trader","Seleccionar otro autónomo"
"Sign up now","Regístrate ahora"
"Sole trader","Autónomo"
"Something went wrong with your request to %1. %2","Algo ha salido mal con tu solicitud a %1. %2"
"Sort order","Orden de aparición"
"Street Address","Dirección"
"Successfully refunded order with %1 for order ID: %2. Refund reference: %3","Pedido reembolsado correctamente con %1 para el ID de pedido: %2. Referencia del reembolso: %3"
"TWO","TWO"
"The %1 payment plugin for Magento simplifies B2B shopping, making it easy and safe for merchants to offer invoices as a payment method.<br>The payment method lives next to other payment methods in your existing checkout, and offers a variety of configuration options to suit your businesses needs.<br>If you would like to know more about how to configure the plugin, check out our <a href=""%2"" target=""_blank"">step by step guide</a>.","El plugin de pago %1 para Magento simplifica las compras B2B, facilitando que los comerciantes ofrezcan facturas como método de pago de forma sencilla y segura.<br>El método de pago se muestra junto a los demás métodos de pago en tu proceso de pago actual y ofrece diversas opciones de configuración para adaptarse a las necesidades de tu negocio.<br>Si quieres saber más sobre cómo configurar el plugin, consulta nuestra <a href=""%2"" target=""_blank"">guía paso a paso</a>."
"The buyer and the seller are the same company.","El comprador y el vendedor son la misma empresa."
"The capture action is not available.","La acción de captura no está disponible."
"Title","Título"
"Unable to confirm %1 order with %2 state.","No se ha podido confirmar el pedido %1 con el estado %2."
"Unable to find the requested %1 order","No se ha podido encontrar el pedido %1 solicitado"
"Version","Versión"
"You must accept %1 to place order.","Debes aceptar %1 para realizar el pedido."
"Your invoice purchase with %1 could not be processed. The cart will be restored.","Tu compra con factura con %1 no se ha podido procesar. Se restaurará el carrito."
"Your invoice purchase with %1 failed verification. The cart will be restored.","Tu compra con factura con %1 no ha superado la verificación. Se restaurará el carrito."
"Your invoice purchase with %1 has been cancelled. The cart will be restored.","Tu compra con factura con %1 ha sido cancelada. Se restaurará el carrito."
"Your invoice purchase with %1 has been declined.","Tu compra con factura con %1 ha sido rechazada."
"Your invoice with %1 is likely to be accepted, subject to additional checks.","Es probable que tu factura con %1 sea aceptada, sujeta a comprobaciones adicionales."
"Your request to %1 failed. Reason: %2","Tu solicitud a %1 ha fallado. Motivo: %2"
"Your sole trader account could not be verified.","No se ha podido verificar tu cuenta de autónomo."
"Zip/Postal Code","Código postal"
"Invoice email address","Dirección de correo electrónico de facturación"
"Please ensure that your invoice email address list only contains valid email addresses separated by commas.","Asegúrate de que tu lista de direcciones de correo electrónico para facturas solo contiene direcciones válidas separadas por comas."
"Enter %1 or more characters","Introduce %1 caracteres o más"
"Show invoice email field","Mostrar el campo de correo electrónico para la factura"
"Payment terms type","Tipo de plazos de pago"
"Hyva Extension","Extensión Hyva"
"Checkout fields","Campos del proceso de pago"
"Standard","Estándar"
"End of Month","Fin de mes"
"%1 days","%1 días"
"Controls the position of this payment method relative to other payment methods at checkout. Lower numbers appear first. Default is empty (no specific order).","Controla la posición de este método de pago en relación con los demás métodos de pago en el proceso de pago. Los números más bajos aparecen primero. El valor predeterminado es vacío (sin orden específico)."
"Payment terms","Plazos de pago"
"Select the payment term that will be automatically selected for your customer. Automatic leaves the choice to the checkout, which uses your own default term when you offer it.","Selecciona el plazo de pago que se seleccionará automáticamente para tu cliente. Automático deja la elección al proceso de pago, que usa tu propio plazo predeterminado cuando lo ofreces."
"Surcharge method","Método de recargo"
"No surcharge applied","No se aplica ningún recargo"
"Select a method to surcharge your customer.","Selecciona un método para aplicar un recargo a tu cliente."
"No","No"
"Percentage","Porcentaje"
"Fixed fee","Comisión fija"
"Fixed fee and percentage","Comisión fija y porcentaje"
"Surcharge calculation basis","Base de cálculo del recargo"
"Total fee for selected term","Comisión total para el plazo seleccionado"
"Fee difference vs default payment term","Diferencia de comisión respecto al plazo de pago predeterminado"
"Surcharge line description","Descripción de la línea de recargo"
"Payment terms fee","Comisión por plazos de pago"
"Payment terms fee - %1 days","Comisión por plazos de pago - %1 días"
"Payment terms fee - %1 days from end of month","Comisión por plazos de pago - %1 días desde fin de mes"
"Custom surcharge tax rate (%)","Tasa de impuestos personalizada del recargo (%)"
"Surcharge tax treatment","Tratamiento fiscal del recargo"
"-- Select surcharge tax treatment --","-- Selecciona el tratamiento fiscal del recargo --"
"Custom flat rate (deprecated)","Tasa plana personalizada (obsoleta)"
"Product Tax Class applied to the surcharge. Country, region and combined rates resolve exactly as they do for a product. To leave the surcharge untaxed, create a Tax Rule with a 0% rate and select its Product Tax Class here.","Clase de impuestos del artículo aplicada al recargo. Las tasas por país, región y combinadas se resuelven exactamente igual que para un producto. Para dejar el recargo sin impuestos, crea una Regla de impuestos con una tasa del 0% y selecciona aquí su Clase de impuestos del artículo."
"That surcharge tax treatment leaves the surcharge untaxed in every jurisdiction and is no longer available. Create a Tax Rule with a 0% rate and select its Product Tax Class instead.","Ese tratamiento fiscal del recargo deja el recargo sin impuestos en todas las jurisdicciones y ya no está disponible. Crea una Regla de impuestos con una tasa del 0% y selecciona su Clase de impuestos del artículo en su lugar."
"The saved Surcharge tax treatment leaves the surcharge untaxed in every jurisdiction and is no longer available. Select a Surcharge tax treatment to save this configuration. To leave the surcharge untaxed, create a Tax Rule with a 0% rate and select its Product Tax Class.","El tratamiento fiscal del recargo guardado deja el recargo sin impuestos en todas las jurisdicciones y ya no está disponible. Selecciona un tratamiento fiscal del recargo para guardar esta configuración. Para dejar el recargo sin impuestos, crea una Regla de impuestos con una tasa del 0% y selecciona su Clase de impuestos del artículo."
"This store is set to a surcharge tax treatment that leaves the surcharge untaxed in every jurisdiction. That treatment is no longer available and this configuration can no longer be saved while it is selected.","Esta tienda tiene configurado un tratamiento fiscal del recargo que deja el recargo sin impuestos en todas las jurisdicciones. Ese tratamiento ya no está disponible y esta configuración ya no se puede guardar mientras esté seleccionado."
"Create a Tax Rule with a 0% rate and select its Product Tax Class here.","Crea una Regla de impuestos con una tasa del 0% y selecciona aquí su Clase de impuestos del artículo."
"Manage Tax Rules","Gestionar Reglas de impuestos"
"The ""Custom flat rate"" surcharge tax treatment is deprecated and only available to merchants with a previously configured Surcharge Tax Rate. Please select a tax class instead.","El tratamiento fiscal del recargo ""Tasa plana personalizada"" está obsoleto y solo está disponible para los comerciantes con una Tasa de impuestos del recargo configurada previamente. Selecciona una clase de impuestos en su lugar."
"Deprecated flat tax rate. Only used with the Custom surcharge tax treatment above.","Tasa de impuestos plana obsoleta. Solo se usa con el tratamiento fiscal del recargo Personalizado indicado más arriba."
"Leave empty to use your store's default tax rate (%1%). Enter 0 for tax-exempt.","Déjalo vacío para usar la tasa de impuestos predeterminada de tu tienda (%1%). Introduce 0 para exento de impuestos."
"Warning: No tax rules are configured for your store. Enter a rate manually, or enter 0 for tax-exempt.","Advertencia: No hay Reglas de impuestos configuradas para tu tienda. Introduce una tasa manualmente, o introduce 0 si está exento de impuestos."
"To set up automatic tax resolution:","Para configurar la resolución automática de impuestos:"
"Term","Plazo"
"Fixed amount","Importe fijo"
"Percent of fee","Porcentaje de la comisión"
"Limit","Límite"
"Use Default","Usar predeterminado"
"default","predeterminado"
"No payment terms selected. Select payment terms above to configure surcharges.","No hay plazos de pago seleccionados. Selecciona los plazos de pago de arriba para configurar los recargos."
"Payment Term","Plazo de pago"
"days","días"
"day","día"
"Selected payment terms","Plazos de pago seleccionados"
"Selected payment term is not available.","El plazo de pago seleccionado no está disponible."
"The selected payment term was not applied. Reload the page and select it again.","El plazo de pago seleccionado no se ha aplicado. Recarga la página y selecciónalo de nuevo."
"Applying the selected payment term…","Aplicando el plazo de pago seleccionado…"
"Could not update payment term.","No se ha podido actualizar el plazo de pago."
"Please try again.","Inténtalo de nuevo."
"Please select a country first","Selecciona primero un país"
"API key is missing","Falta la clave API"
"API key is valid","La clave API es válida"
"Activates this plugin as a payment option in the checkout page","Activa este plugin como opción de pago en la página del proceso de pago"
"Descriptive title which gives the buyer a better understanding of this payment method","Título descriptivo que ayuda al comprador a entender mejor este método de pago"
"Let your buyer input additional emails to forward the invoice to on order fulfilment.","Permite que tu comprador introduzca correos electrónicos adicionales a los que reenviar la factura al cumplirse el pedido."
"Optional field which enables the buyer to register a note to the merchant. The information is eventually displayed on the invoice.","Campo opcional que permite al comprador registrar una nota para el comerciante. La información se muestra finalmente en la factura."
"Optional field which enables the buyer to register the department the purchase is connected to. The information is eventually displayed on the invoice.","Campo opcional que permite al comprador registrar el departamento al que está vinculada la compra. La información se muestra finalmente en la factura."
"Optional field which enables the buyer to register the project the purchase is connected to. The information is eventually displayed on the invoice.","Campo opcional que permite al comprador registrar el proyecto al que está vinculada la compra. La información se muestra finalmente en la factura."
"Optional field which enables the buyer to register their purchase order number.","Campo opcional que permite al comprador registrar su número de pedido de compra."
"Select your company from the dropdown to continue.","Selecciona tu empresa en el desplegable para continuar."
"Surcharge refund must be a valid amount (e.g. 1.50 or 1,50).","El reembolso del recargo debe ser un importe válido (p. ej. 1.50 o 1,50)."
"Surcharge refund cannot be negative.","El reembolso del recargo no puede ser negativo."
"Surcharge refund (%1) exceeds the remaining refundable surcharge (%2).","El reembolso del recargo (%1) supera el recargo reembolsable restante (%2)."
"API key","Clave API"
"Select between sandbox and production environment. The sandbox environment is for testing purposes and does not involve real money.","Selecciona entre el entorno de pruebas y el de producción. El entorno de pruebas sirve para hacer pruebas y no implica dinero real."
"API key for sandbox environment is available on your merchant portal (however please reach out to integration@two.inc for access to production keys).","La clave API para el entorno de pruebas está disponible en tu portal de comerciante (sin embargo, ponte en contacto con integration@two.inc para obtener acceso a las claves de producción)."
"The debug mode enables writing to the error logs below. Debug mode should only be enabled when the sandbox environment is active","El modo de depuración permite escribir en los registros de errores de abajo. El modo de depuración solo debería activarse cuando el entorno de pruebas está activo"
"When enabled, the buyer may search for their company within the address entry section of the checkout. Otherwise, company search will be visible within the payment method.","Cuando está activado, el comprador puede buscar su empresa dentro de la sección de introducción de la dirección del proceso de pago. De lo contrario, la búsqueda de empresa se mostrará dentro del método de pago."
"Two surcharge","Recargo de Two"
"%1 days - %2: value cannot be negative.","%1 días - %2: el valor no puede ser negativo."
"%1 days - fixed amount: maximum is %2.","%1 días - importe fijo: el máximo es %2."
"%1 days - percentage: maximum is %2.","%1 días - porcentaje: el máximo es %2."
"30 days","30 días"
"Add optional tax_subtotals metadata to order creation payload to enforce additional validation (recommended).","Añade metadatos opcionales tax_subtotals a la carga útil de creación del pedido para aplicar una validación adicional (recomendado)."
"All Allowed Countries","Todos los países permitidos"
"Amounts are shown in %1.","Los importes se muestran en %1."
"Cannot convert surcharge from %1 to %2: no exchange rate is currently available.","No se puede convertir el recargo de %1 a %2: actualmente no hay ningún tipo de cambio disponible."
"Developed by Magmodules.","Desarrollado por Magmodules."
"Enter a limit amount (in %1) if you do not want to charge your customer more than a specific amount. Leave the limit field empty if you don't want to impose a limit amount.","Introduce un importe límite (en %1) si no quieres cobrar a tu cliente más de una cantidad concreta. Deja el campo de límite vacío si no quieres imponer un importe límite."
"Enter the amount you want to charge your customer.","Introduce el importe que quieres cobrar a tu cliente."
"Max %1.","Máx. %1."
"Enter the percentage of the fee's cost to you that you want the surcharge to recover. 100% means the fee no longer reduces your revenue at all.","Introduce el porcentaje del coste de la comisión que quieres recuperar con el recargo. 100% significa que la comisión ya no reduce tus ingresos en absoluto."
"Enter the amount and percentage of the fee charged to you that you want to offset with a surcharge. Max 100%.","Introduce el importe y el porcentaje de la comisión que se te cobra y que quieres compensar con un recargo. Máx. 100%."
"Fulfilment can be triggered by either initializing shipping or creating an invoice in the Magento admin","El cumplimiento se puede activar iniciando el envío o creando una factura en el panel de administración de Magento"
"I accept the %1 and authorize %2 to process my data automatically.","Acepto las %1 y autorizo a %2 a tratar mis datos automáticamente."
"Payment surcharge configuration","Configuración del recargo de pago"
"Perform a check during checkout to inform the buyer whether an order is likely to be accepted before being placed (recommended).","Realiza una comprobación durante el proceso de pago para informar al comprador de si es probable que se acepte un pedido antes de realizarlo (recomendado)."
"Specific Countries","Países específicos"
"Yes","Sí"
"payment terms","plazos de pago"
"60 days","60 días"
"90 days","90 días"
"Max refundable: %1","Máximo reembolsable: %1"
"Select the payment term(s) you want to offer.","Selecciona el plazo o los plazos de pago que quieres ofrecer."
"Warning: The fixed fee limit of %1 %2 cannot be enforced correctly because no exchange rate is currently available from %3 to %4.","Advertencia: El límite de la tarifa fija de %1 %2 no puede aplicarse correctamente porque actualmente no hay ningún tipo de cambio disponible de %3 a %4."
"Surcharge rounding","Redondeo del recargo"
"Rounding step","Paso de redondeo"
"None","Ninguno"
"Up","Arriba"
"Down","Abajo"
"Snap the buyer surcharge line item to a clean increment. Select None for standard two-decimal amounts.","Ajustar la línea de recargo del comprador a un incremento exacto. Selecciona Ninguno para importes estándar de dos decimales."
"Increment the surcharge is rounded to (e.g. 1 = whole units, 0.50 = nearest half).","Incremento al que se redondea el recargo (p. ej. 1 = unidades enteras, 0,50 = medio más cercano)."
"Company search is temporarily unavailable. Please try again, or enter details manually.","La búsqueda de empresa no está disponible temporalmente. Inténtalo de nuevo o introduce los datos manualmente."
"Company search is unavailable right now. Please try again shortly.","La búsqueda de empresa no está disponible en este momento. Inténtalo de nuevo en unos instantes."
"Minimum order value","Valor mínimo del pedido"
"Minimum order value tax basis","Base imponible del valor mínimo del pedido"
"Whether the basket is compared against the minimum including or excluding tax","Si el carrito se compara con el mínimo con impuestos incluidos o excluidos"
"<strong>Standard:</strong> Payment due after a fixed number of days from fulfilment.<br/><strong>End of Month:</strong> Payment due at the end of month plus additional days from fulfilment.","<strong>Estándar:</strong> Pago vencido tras un número fijo de días desde el cumplimiento.<br/><strong>Fin de mes:</strong> Pago vencido al final del mes más días adicionales desde el cumplimiento."
"Description shown to the buyer for the surcharge line item. Use <strong>%1</strong> to insert the selected number of days (e.g. ""Payment terms fee - %1 days""). If you leave the default, the word <em>days</em> is translated per locale. With an end-of-month payment terms type, the default switches to its end-of-month wording.","Descripción que se muestra al comprador en la línea de recargo. Usa <strong>%1</strong> para insertar el número de días seleccionado (p. ej. ""Payment terms fee - %1 days""). Si dejas el valor predeterminado, la palabra <em>days</em> se traduce según la configuración regional. Con un tipo de plazos de pago de fin de mes, el valor predeterminado cambia a su redacción de fin de mes."
"Hide the payment method below this order value (store base currency, on the tax basis selected below). Leave empty for no minimum.","Ocultar el método de pago por debajo de este valor de pedido (moneda base de la tienda, sobre la base impositiva seleccionada más abajo). Déjalo vacío para no establecer ningún mínimo."
"Platform minimum %1, %2 tax. A value here is interpreted in the store base currency on the tax basis selected below and must be at least this.","Mínimo de la plataforma %1, %2 impuestos. Un valor aquí se interpreta en la moneda base de la tienda sobre la base imponible seleccionada abajo y debe ser al menos este."
"including","incluyendo"
"excluding","excluyendo"
"Minimum order value, %1","Valor mínimo del pedido, %1"
"Including tax (gross)","Impuestos incluidos (bruto)"
"Excluding tax (net)","Impuestos no incluidos (neto)"
"Invoice purchase with %1 is not available for this order. Minimum order value is %2 %3 tax.","La compra con factura mediante %1 no está disponible para este pedido. El valor mínimo del pedido es %2 %3 impuestos."
"Minimum order value must be at least the platform minimum of %1, %2 tax.","El valor mínimo del pedido debe ser como mínimo el mínimo de la plataforma de %1, %2 impuestos."
"Minimum order value must be a non-negative number.","El valor mínimo del pedido debe ser un número no negativo."
"Merchant ID:","ID de comerciante:"
"Refund %1","Reembolsar %1"
"Surcharge","Recargo"
"Please select a surcharge tax treatment. A surcharge method is enabled (see the Surcharge method field), so the Surcharge tax treatment field must be chosen explicitly before this configuration can be saved.","Selecciona un tratamiento fiscal del recargo. Hay un método de recargo activado (consulta el campo Método de recargo), por lo que el campo Tratamiento fiscal del recargo debe elegirse explícitamente antes de poder guardar esta configuración."
"Unable to calculate payment terms surcharge. Please try again in a moment.","No se ha podido calcular el recargo de los plazos de pago. Inténtalo de nuevo en un momento."
"Two payment is temporarily unavailable. Please try another payment method or contact support (ref: %1).","El pago con Two no está disponible temporalmente. Prueba otro método de pago o ponte en contacto con el soporte (ref.: %1)."
"Two payment is temporarily unavailable. Please try another payment method or contact support.","El pago con Two no está disponible temporalmente. Prueba otro método de pago o ponte en contacto con el soporte."
"Pricing API response missing required field: buyer_fee_share","Falta un campo obligatorio en la respuesta de la API de precios: buyer_fee_share"
"Pricing API returned currency %1 but order currency is %2.","La API de precios devolvió la moneda %1 pero la moneda del pedido es %2."
"Surcharge tax calculation returned no result for the surcharge line (%1 currency pass).","El cálculo de impuestos del recargo no ha devuelto ningún resultado para la línea de recargo (pasada de moneda %1)."
"Could not synchronise the cancellation with %1. The order has not been cancelled. Please try again, or contact support if this persists.","No se ha podido sincronizar la cancelación con %1. El pedido no se ha cancelado. Inténtalo de nuevo o ponte en contacto con el servicio de asistencia si el problema persiste."
"Invoice uploaded to Two successfully.","Factura subida a Two correctamente."
"Invoice upload failed: %1","Error al subir la factura: %1"
"⚠ deployment incomplete — code newer than compiled assets; run setup:static-content:deploy","⚠ despliegue incompleto — código más reciente que los recursos compilados; ejecuta setup:static-content:deploy"
"Use Website Value","Usar valor del sitio web"
"Invoice purchase with %1 requires a company number. Please add your company details and try again.","La compra con factura mediante %1 requiere un número de empresa. Añade los datos de tu empresa e inténtalo de nuevo."
"%1 days - limit: a limit of 0 is not allowed. To charge nothing on this term, set the fixed amount and percentage to 0 instead, and leave the limit empty.","%1 días - límite: no se permite un límite de 0. Para no cobrar nada en este plazo, establece el importe fijo y el porcentaje en 0, y deja el límite vacío."
"A limit of 0 is not allowed. To charge nothing on this term, set the fixed amount and percentage to 0 instead, and leave the limit empty.","No se permite un límite de 0. Para no cobrar nada en este plazo, establece el importe fijo y el porcentaje en 0, y deja el límite vacío."
"A limit of 0 is not allowed. To charge nothing on a term, set the fixed amount and the percentage for that term to 0 instead.","No se permite un límite de 0. Para no cobrar nada en un plazo, establece el importe fijo y el porcentaje de ese plazo en 0."
"The limit applies to the whole fee: the percentage and the fixed amount together, not the percentage alone.","El límite se aplica a la comisión completa: el porcentaje y el importe fijo juntos, no solo al porcentaje."
"%1 days - %2: value must be a number.","%1 días - %2: el valor debe ser un número."
"This order could not be placed. Please contact the merchant.","No se ha podido realizar este pedido. Ponte en contacto con el comerciante."
"The payment terms you selected are no longer available. Please select your payment terms again.","Los plazos de pago que seleccionaste ya no están disponibles. Selecciona de nuevo tus plazos de pago."
"A limit of 0 is stored for payment terms not shown in the grid (%1 days), and a percentage surcharge would clamp those terms to no fee at all. Select those terms in the Payment terms setting to clear their limit, then save again.","Se ha guardado un límite de 0 para plazos de pago que no aparecen en la tabla (%1 días), y un recargo porcentual dejaría esos plazos sin comisión alguna. Selecciona esos plazos en el ajuste Plazos de pago para borrar su límite y guarda de nuevo."
"Platform minimum %1, %2 tax. A value here is interpreted in %3 on the tax basis selected below, and no exchange rate for %4 to %3 is currently available, so the two cannot be compared. Configure the rate under Stores > Currency Rates.","Mínimo de la plataforma %1, %2 impuestos. Un valor aquí se interpreta en %3 sobre la base imponible seleccionada abajo, y actualmente no hay ningún tipo de cambio disponible de %4 a %3, por lo que no se pueden comparar. Configura el tipo en Tiendas > Tipo de Cambio."
"Checking API key…","Comprobando la clave API…"
"Please select your company before paying with %1.","Selecciona tu empresa antes de pagar con %1."
"Too many requests. Please wait a moment and try again.","Demasiadas solicitudes. Espera un momento e inténtalo de nuevo."
"The service is temporarily unavailable. Please try again.","El servicio no está disponible temporalmente. Inténtalo de nuevo."
"The payment integration is not available right now.","La integración de pago no está disponible en este momento."
"Invalid order intent payload.","Carga útil de intención de pedido no válida."
"Invalid company search request.","Solicitud de búsqueda de empresa no válida."
"Invalid company lookup request.","Solicitud de consulta de empresa no válida."
"This order is too large to send for approval.","Este pedido es demasiado grande para enviarlo a aprobación."
"We could not fetch this company's address. Please enter it below.","No hemos podido obtener la dirección de esta empresa. Introdúcela a continuación."
"We could not fill in this company's address on this page.","No hemos podido rellenar la dirección de esta empresa en esta página."
"Trusted proxies","Proxies de confianza"
"Trusted proxies: ""%1"" is not a valid IP address or CIDR range.","Proxies de confianza: ""%1"" no es una dirección IP ni un rango CIDR válido."
"Custom request headers","Cabeceras de solicitud personalizadas"
"Extra HTTP headers sent on every call this store makes to the %1 API, for merchants whose firewall or gateway requires one — a coarse network gate, not a credential. Tick ""Also send from browser"" only where your IT administrator needs the header on calls from the buyer's browser as well as those from your server: a ticked header is published to the buyer's browser and may be read by anyone. Check with support before ticking one — the browser's own direct call is refused unless %1 already allows that header name on it.","Cabeceras HTTP adicionales que se envían en cada llamada que esta tienda hace a la API de %1, para comerciantes cuyo firewall o pasarela lo requiera — una barrera de red general, no una credencial. Marca ""Enviar también desde el navegador"" solo cuando tu administrador de IT necesite la cabecera también en las llamadas desde el navegador del comprador, además de las que salen de tu servidor: una cabecera marcada se publica en el navegador del comprador y cualquiera puede leerla. Consulta con el soporte antes de marcar alguna — la llamada directa del propio navegador se rechaza a menos que %1 ya permita ese nombre de cabecera en ella."
"Header name","Nombre de la cabecera"
"Header value","Valor de la cabecera"
"Also send from browser","Enviar también desde el navegador"
"Add header","Añadir cabecera"
"Custom headers: ""%1"" is listed more than once. Give each header one row.","Cabeceras personalizadas: ""%1"" aparece más de una vez. Asigna una sola fila a cada cabecera."
"Custom headers: ""%1"" has no value. Give it one, or remove the row.","Cabeceras personalizadas: ""%1"" no tiene valor. Asígnale uno o elimina la fila."
"Custom headers: row %1 has a value but no header name.","Cabeceras personalizadas: la fila %1 tiene un valor pero no un nombre de cabecera."
"Custom headers: the value for ""%1"" may only contain printable ASCII characters — no line breaks, control characters, or non-ASCII text.","Cabeceras personalizadas: el valor de ""%1"" solo puede contener caracteres ASCII imprimibles — sin saltos de línea, caracteres de control ni texto no ASCII."
"Custom headers: the table could not be stored. Check the values for stray characters.","Cabeceras personalizadas: no se ha podido guardar la tabla. Comprueba si los valores contienen caracteres extraños."
"Custom headers: ""%1"" is not a valid HTTP header name.","Cabeceras personalizadas: ""%1"" no es un nombre de cabecera HTTP válido."
"Custom headers: ""%1"" is a reserved header name and cannot be sent from this table.","Cabeceras personalizadas: ""%1"" es un nombre de cabecera reservado y no se puede enviar desde esta tabla."
"Disable checkout rate limiting","Desactivar la limitación de solicitudes en el proceso de pago"
"Order management","Gestión de pedidos"
"Diagnostics","Diagnóstico"
"Default shipping tax class","Clase de impuestos predeterminada para el envío"
"Default shipping tax rate (%) (deprecated)","Tasa de impuestos de envío predeterminada (%) (obsoleta)"
"Debug & logging","Depuración y registro"
"Enable debug logging","Activar el registro de depuración"
"Admin controls","Controles de administración"
"Clear settings on module uninstall","Borrar los ajustes al desinstalar el módulo"
"Disable SSL verification","Desactivar la verificación SSL"
"Health","Estado"
"Health checklist","Lista de comprobación del estado"
"Verified","Verificado"
"Not verified","No verificado"
"Not set","Sin definir"
"Enabled","Activado"
"Disabled","Desactivado"
"SSL verification","Verificación SSL"
"Security warning: SSL verification is disabled while the Environment is set to Production.","Advertencia de seguridad: la verificación SSL está desactivada mientras el entorno está configurado como Producción."
"Availability","Disponibilidad"
"Company lookup","Consulta de empresa"
"Subtitle","Subtítulo"
"Title & display","Título y visualización"
"Vendor name (optional)","Nombre del vendedor (opcional)"
"Display input tooltips","Mostrar descripciones emergentes en los campos"
"Custom payment terms (days)","Plazos de pago personalizados (días)"
"Default payment terms","Plazos de pago predeterminados"
"Other charges","Otros cargos"
"Refund other charges","Reembolsar otros cargos"
"No matches found","No se han encontrado coincidencias"
"The shipping method is missing. Select the shipping method and try again.","Falta el método de envío. Selecciona el método de envío e inténtalo de nuevo."
"Your order is already being placed. Please wait.","Tu pedido ya se está realizando. Espera, por favor."
"Use Default Value","Usar valor predeterminado"
"%1 surcharge","Recargo de %1"
"%1 order id","ID de pedido de %1"
"Refund %1 surcharge","Reembolsar el recargo de %1"
"What is %1?","¿Qué es %1?"
"%1 is not available for this order","%1 no está disponible para este pedido"
"%1 is not available for this order by %2 (%3)","%1 no está disponible para este pedido de %2 (%3)"
"%1 results are available, use up and down arrow keys to navigate.","%1 resultados disponibles, usa las teclas de flecha arriba y abajo para navegar."
"1 result is available, use up and down arrow keys to navigate.","1 resultado disponible, usa las teclas de flecha arriba y abajo para navegar."
"This payment method is not available for the selected company.","Este método de pago no está disponible para la empresa seleccionada."
"This order is likely to be accepted by %1","Es probable que %1 acepte este pedido"
"This order by %2 (%3) is likely to be accepted by %1","Es probable que %1 acepte este pedido de %2 (%3)"
"Show ""What is Two"" link","Mostrar el enlace ""Qué es Two"""
"Show a link at checkout explaining Two's buy-now-pay-later offering to the buyer.","Mostrar en el proceso de pago un enlace que explique al comprador la oferta de compra ahora y paga después de Two."
"Addresses of your own reverse proxies, load balancers or CDN egress, as IPs or CIDR ranges, separated by commas or new lines. These IP addresses will be exempt from rate limiting.","Direcciones de tus propios proxies inversos, balanceadores de carga o salida de CDN, como IPs o rangos CIDR, separados por comas o saltos de línea. Estas direcciones IP quedarán exentas de la limitación de solicitudes."
"Autocomplete address based on selected country and company. Unavailable while company search is not in the address entry section — with search relocated to the payment method there is no address step left for it to fill.","Autocompletar la dirección según el país y la empresa seleccionados. No disponible mientras la búsqueda de empresa no esté en la sección de introducción de la dirección — al trasladar la búsqueda al método de pago no queda ningún paso de dirección que rellenar."
"Deprecated flat rate. Only used when default_shipping_tax_class above is unset.","Tasa plana obsoleta. Solo se usa cuando default_shipping_tax_class más arriba no está definido."
"Only used when a shipping method charges tax but Magento declares no rate for it. The rate is resolved through this Product Tax Class against the order's shipping destination, the same way a product's tax is resolved. Leave unselected to refuse such orders instead of assuming a rate.","Solo se usa cuando un método de envío cobra impuesto pero Magento no declara ninguna tasa para él. La tasa se resuelve mediante esta Clase de impuestos del artículo según el destino de envío del pedido, igual que se resuelve el impuesto de un producto. Déjalo sin seleccionar para rechazar dichos pedidos en lugar de asumir una tasa."
"Optional subtitle shown beneath the title at checkout. Can be set per store view.","Subtítulo opcional que se muestra debajo del título en el proceso de pago. Se puede definir por vista de tienda."
"Subtitle accepts plain text and a single link only; ""%1"" would be shown as ""%2"".","El subtítulo solo admite texto sin formato y un único enlace; ""%1"" se mostraría como ""%2""."
"Show a hover tooltip with the field label on the optional checkout field inputs above.","Mostrar una descripción emergente con la etiqueta del campo al pasar el ratón sobre los campos opcionales del proceso de pago indicados arriba."
"Total fee charges the configured surcharge for the chosen term. Fee difference charges only the difference versus the default payment term.","Comisión total cobra el recargo configurado para el plazo elegido. Diferencia de comisión cobra solo la diferencia respecto al plazo de pago predeterminado."
"When this module is uninstalled (bin/magento module:uninstall), delete its stored configuration instead of leaving it behind.","Cuando se desinstale este módulo (bin/magento module:uninstall), elimina su configuración almacenada en lugar de conservarla."
"If fulfilment trigger is On Completion, select one or more order statuses which can trigger fulfilment. <strong>Leave this empty and no order status triggers fulfilment, so %1 is never notified that an order was fulfilled.</strong>","Si el activador del cumplimiento es Al completar, selecciona uno o más estados de pedido que puedan activar el cumplimiento. <strong>Si dejas esto vacío, ningún estado de pedido activa el cumplimiento, por lo que nunca se notifica a %1 que un pedido se ha cumplido.</strong>"
"If this store represents one of several vendor sites sharing the same Two merchant account, enter a name here to identify this specific site/vendor. It is sent as the ""vendor_name"" field on every order Two receives from this store, and is not shown to buyers. Leave blank if you only run a single site.","Si esta tienda representa uno de varios sitios de vendedor que comparten la misma cuenta de comerciante de Two, introduce aquí un nombre para identificar este sitio/vendedor concreto. Se envía como el campo ""vendor_name"" en cada pedido que Two recibe de esta tienda, y no se muestra a los compradores. Déjalo en blanco si solo gestionas un único sitio."
"Removes the per-caller ceiling on the company-lookup and order-intent routes. The ceiling is on by default. <strong>If this store sits behind a CDN, load balancer or reverse proxy and <em>Trusted proxies</em> above is empty, every buyer arrives as that one address and shares a single ceiling — buyers are then refused mid-checkout with a too-many-requests message.</strong> The fix is to fill in <strong>Trusted proxies</strong>, which lets the ceiling tell buyers apart; switch this On only as a stopgap while you get that list, and back Off afterwards.","Elimina el límite por solicitante en las rutas de búsqueda de empresa e intención de pedido. El límite está activado de forma predeterminada. <strong>Si esta tienda está detrás de una CDN, un balanceador de carga o un proxy inverso y <em>Proxies de confianza</em> más arriba está vacío, todos los compradores llegan como esa única dirección y comparten un mismo límite — los compradores son entonces rechazados a mitad del proceso de pago con un mensaje de demasiadas solicitudes.</strong> La solución es rellenar <strong>Proxies de confianza</strong>, lo que permite al límite distinguir a los compradores; activa esto solo como medida provisional mientras consigues esa lista, y vuelve a desactivarlo después."
"Two: checkout rate limiting is on and no trusted proxies are set. If this store sits behind a CDN, load balancer or reverse proxy, every buyer reaches it as one address and shares a single request ceiling, so buyers can be refused mid-checkout. <a href=""%1"">Set Trusted proxies</a>, or leave this if the store is reached directly.","Two: la limitación de solicitudes del proceso de pago está activada y no hay proxies de confianza configurados. Si esta tienda está detrás de una CDN, un balanceador de carga o un proxy inverso, todos los compradores llegan como una sola dirección y comparten un único límite de solicitudes, por lo que pueden ser rechazados a mitad del proceso de pago. <a href=""%1"">Configura los proxies de confianza</a>, o déjalo así si se accede a la tienda directamente."
"<strong>WARNING: unsafe for production.</strong> Skips TLS certificate verification on outbound calls to the Two API. Only enable this if this store sits behind a corporate proxy that terminates TLS with its own certificate. Leave this Off everywhere else.","<strong>ADVERTENCIA: no es seguro en producción.</strong> Omite la verificación del certificado TLS en las llamadas salientes a la API de Two. Activa esto solo si esta tienda está detrás de un proxy corporativo que termina TLS con su propio certificado. Déjalo desactivado en todos los demás casos."
"Merchant profile","Perfil del comerciante"
"Refresh merchant profile","Actualizar el perfil del comerciante"
"Your offerable payment terms, buyer-surcharge cap, minimum order value and default term are read from Two and cached. They are refreshed once a day by the scheduled job and whenever the API key or environment is saved; use this to pull a change through now.","Los plazos de pago que puedes ofrecer, el límite de recargo al comprador, el valor mínimo de pedido y el plazo predeterminado se leen de Two y se almacenan en caché. Se actualizan una vez al día mediante la tarea programada y cada vez que se guarda la clave API o el entorno; usa esto para aplicar un cambio ahora."
"Merchant profile refreshed.","Perfil del comerciante actualizado."
"Could not refresh the merchant profile — the previously loaded values are still in use. Check that the API key for this scope is valid and that the Two API is reachable.","No se ha podido actualizar el perfil del comerciante: se siguen usando los valores cargados anteriormente. Comprueba que la clave API de este ámbito sea válida y que la API de Two sea accesible."
"Refreshing…","Actualizando…"
"Could not refresh the merchant profile.","No se ha podido actualizar el perfil del comerciante."
"Refreshed %1 of %2 merchant profiles. The rest still use their previously loaded values — check the API key and environment on the store views that use them.","Se han actualizado %1 de %2 perfiles de comerciante. El resto sigue usando los valores cargados anteriormente — comprueba la clave API y el entorno en las vistas de tienda que los usan."
"This scope no longer exists — reload the page and try again.","Este ámbito ya no existe — recarga la página e inténtalo de nuevo."
"No API key is set at this scope, so there is no merchant profile to refresh.","No hay ninguna clave API configurada en este ámbito, por lo que no hay ningún perfil de comerciante que actualizar."
"This website has no store view, so nothing reads the API key set here.","Este sitio web no tiene ninguna vista de tienda, por lo que nada lee la clave API configurada aquí."
"Every store view in this website has its own API key, so nothing reads the one set here.","Cada vista de tienda de este sitio web tiene su propia clave API, por lo que nada lee la que se establece aquí."
"Refreshed %1 of %2 merchant profiles before the request ran out of time. Press again for the rest.","Se han actualizado %1 de %2 perfiles de comerciante antes de que la solicitud agotara el tiempo. Vuelve a pulsar para el resto."
"Two gateway","Pasarela Two"
"Merchant profile fetched from Two: offerable payment terms, buyer-surcharge cap, minimum order value and default term.","Perfil de comerciante obtenido de Two: plazos de pago que se pueden ofrecer, límite del recargo al comprador, valor mínimo del pedido y plazo predeterminado."
"Refreshed %1","%1 actualizado"
"Never refreshed","Nunca actualizado"
"Refreshed %1 — the hourly refresh appears not to be running","%1 actualizado — parece que la actualización horaria no se está ejecutando"
"Missing when read at %1 — the hourly refresh appears not to be running","Faltaba en la lectura de %1 — parece que la actualización horaria no se está ejecutando"
"Payment terms you are not able to offer: %1 days. Choose from: %2 days.","Plazos de pago que no puedes ofrecer: %1 días. Elige entre: %2 días."
"Unrecognised surcharge method: %1. Choose one of: %2.","Método de recargo no reconocido: %1. Elige uno de: %2."
"Remove","Eliminar"
"Custom payment terms (days) can only be removed, not changed.","Los plazos de pago personalizados (días) solo se pueden eliminar, no modificar."
"Default payment terms names %1 days, which is not one of the terms you offer: %2 days. Choose one of those in this same save.","Los plazos de pago predeterminados indican %1 días, que no es uno de los plazos que ofreces: %2 días. Elige uno de esos en este mismo guardado."
"Custom payment terms (days) holds ""%1"", which is not a usable number of days. Choose Remove on that field to clear it.","Los plazos de pago personalizados (días) contienen ""%1"", que no es un número de días utilizable. Elige Eliminar en ese campo para borrarlo."
"Custom payment terms (days) holds ""%1"", which is not a usable number of days: untick the inherit box on that field and choose Remove to clear it here, or choose Remove at the scope it is set on.","Los plazos de pago personalizados (días) contienen ""%1"", que no es un número de días utilizable: desmarca la casilla de herencia en ese campo y elige Eliminar para borrarlo aquí, o elige Eliminar en el ámbito en el que está definido."
"Custom payment terms (days) of %1 is now one of the standard terms you offer, so it has been selected under Payment terms and the custom field cleared.","Los plazos de pago personalizados (días) de %1 ahora son uno de los plazos estándar que ofreces, por lo que se han seleccionado en Plazos de pago y se ha borrado el campo personalizado."
"Legacy setting. This offers a custom term of %1 days after the end of the month. It is no longer supported and cannot be edited. Choose Remove to withdraw it, or use the payment terms above to change what you offer.","Ajuste heredado. Ofrece un plazo personalizado de %1 días tras el fin de mes. Ya no es compatible y no se puede editar. Elige Eliminar para retirarlo, o usa los plazos de pago de arriba para cambiar lo que ofreces."
"Legacy setting. This offers a custom term of %1 days from fulfilment. It is no longer supported and cannot be edited. Choose Remove to withdraw it, or use the payment terms above to change what you offer.","Ajuste heredado. Ofrece un plazo personalizado de %1 días desde el cumplimiento. Ya no es compatible y no se puede editar. Elige Eliminar para retirarlo, o usa los plazos de pago de arriba para cambiar lo que ofreces."
"Legacy setting currently holds ""%1"", which is not a usable number of days. It is no longer supported and cannot be edited, and this section cannot be saved until it is removed. Choose Remove to clear it.","El ajuste heredado contiene actualmente ""%1"", que no es un número de días utilizable. Ya no es compatible y no se puede editar, y esta sección no se puede guardar hasta que se elimine. Elige Eliminar para borrarlo."
"Select at least one payment term.","Selecciona al menos un plazo de pago."
"Fees could not be loaded because the pricing service could not be reached. The figures beside each term are missing, not zero.","No se han podido cargar las comisiones porque no se ha podido contactar con el servicio de precios. Las cifras junto a cada plazo faltan, no son cero."
"Fees could not be refreshed, so the figures last retrieved are shown.","No se han podido actualizar las comisiones, por lo que se muestran las últimas cifras obtenidas."
"Fees could not be refreshed, so the figures retrieved on %1 are shown.","No se han podido actualizar las comisiones, por lo que se muestran las cifras obtenidas el %1."
"Fees cannot be shown until an API key is saved for this scope.","No se pueden mostrar las comisiones hasta que se guarde una clave API para este ámbito."
"no figure","sin cifra"
"Other charges refund must be a valid amount (e.g. 1.50 or 1,50).","El reembolso de otros cargos debe ser un importe válido (p. ej. 1.50 o 1,50)."
"Other charges refund cannot be negative.","El reembolso de otros cargos no puede ser negativo."
"Other charges refund (%1) exceeds the remaining refundable other charges (%2).","El reembolso de otros cargos (%1) supera los otros cargos reembolsables restantes (%2)."
"Other charges cannot be refunded on this credit memo: its tax is short by %1 against its own lines.","No se pueden reembolsar otros cargos en esta nota de crédito: su impuesto es inferior en %1 respecto a sus propias líneas."
"Other charges cannot be refunded: the order has no usable currency conversion rate.","No se pueden reembolsar otros cargos: el pedido no tiene un tipo de conversión de moneda utilizable."
"Other charges refund (%1) exceeds what the order's remaining VAT allowance covers (%2).","El reembolso de otros cargos (%1) supera lo que cubre el margen de IVA restante del pedido (%2)."
"Other charges refund (%1) exceeds what is still refundable on this order (%2).","El reembolso de otros cargos (%1) supera lo que todavía es reembolsable en este pedido (%2)."
"Other charges cannot be refunded on this credit memo: %1 of VAT is already granted, more than %2 of net carries.","No se pueden reembolsar otros cargos en esta nota de crédito: ya se ha concedido %1 de IVA, más de lo que soporta %2 de neto."
"Payment method at checkout","Método de pago en el proceso de pago"
"Not shown at checkout","No se muestra en el proceso de pago"
"the payment method is disabled. Check Enable payment method.","el método de pago está desactivado. Revisa Activar el método de pago."
"no API key is saved. Check API key.","no hay ninguna clave API guardada. Revisa Clave API."
"the API key was rejected. Check API key and Environment.","la clave API fue rechazada. Revisa Clave API y Entorno."
"the saved surcharge method is not recognised. Check Surcharge method.","el método de recargo guardado no se reconoce. Revisa Método de recargo."
"Shown at checkout","Se muestra en el proceso de pago"
"no buyer countries are currently enabled for your account. Contact %1 to have them enabled.","actualmente no hay ningún país de comprador habilitado para tu cuenta. Contacta con %1 para habilitarlos."
"hidden for baskets below %1","oculto para carritos por debajo de %1"
"hidden for baskets below %1 or %2","oculto para carritos por debajo de %1 o %2"
"excluding tax","sin impuestos"
"including tax","con impuestos"
"the buyer countries on your account could not be read. Contact %1.","no se han podido leer los países de comprador de tu cuenta. Contacta con %1."
"country availability is set to specific countries with none chosen. Check Allowed countries.","la disponibilidad por país está configurada en países específicos sin ninguno seleccionado. Revisa Países permitidos."
"minimum order value not known until your profile refreshes","el valor mínimo del pedido no se conoce hasta que tu perfil se actualice"
"hidden for baskets in a currency the buyer surcharge cannot be priced in","oculto para carritos en una moneda en la que el recargo al comprador no puede calcularse"
"offered only to buyers in %1","ofrecido solo a compradores en %1"
"offered to no buyer country, because the two country lists do not overlap","no se ofrece a ningún país de comprador, porque las dos listas de países no coinciden"
"Automatic","Automático"
"%1 (Excl. Tax)","%1 (Impuestos no incl.)"
"%1 (Incl. Tax)","%1 (Impuestos incl.)"
"Cannot apply the surcharge limit in %1: no exchange rate is currently available.","No se puede aplicar el límite de recargo en %1: actualmente no hay ningún tipo de cambio disponible."
"EOM+%1","EOM+%1"
