"%1 details","%1 gegevens"
"%1 [Trace ID: %2]","%1 [Trace-ID: %2]"
"%1 could not be reached to verify this API key. This is a connection problem rather than necessarily a problem with the key. Check that this store can make outbound requests, then try again.","%1 kon niet worden bereikt om deze API-sleutel te verifiëren. Dit is een verbindingsprobleem en niet noodzakelijk een probleem met de sleutel. Controleer of deze winkel uitgaande verzoeken kan versturen en probeer het opnieuw."
"%1 could not verify this API key because the service returned an error (HTTP %2). The key itself may be fine, so please try again shortly.","%1 kon deze API-sleutel niet verifiëren omdat de service een fout heeft geretourneerd (HTTP %2). De sleutel zelf is mogelijk in orde, probeer het dus binnenkort opnieuw."
"%1 customer address updated.","%1 klantadres bijgewerkt."
"%1 is a payment solution for B2B purchases online, allowing you to buy from your favourite merchants and suppliers on trade credit. Using %1, you can access flexible trade credit instantly to make purchasing simple.","%1 is een betalingsoplossing voor online B2B-aankopen, waarmee u op handelskrediet kunt kopen bij uw favoriete handelaren en leveranciers. Met %1 heeft u direct toegang tot flexibel handelskrediet om het aankopen eenvoudig te maken."
"%1 order has been marked as cancelled","%1 bestelling is gemarkeerd als geannuleerd"
"%1 order marked as completed.","%1 bestelling gemarkeerd als voltooid."
"%1 order marked as partially completed.","%1 bestelling gemarkeerd als gedeeltelijk voltooid."
"%1 payment has been verified by the customer.","%1 betaling is door de klant geverifieerd."
"%1 requires whole order to be shipped before it can be fulfilled.","%1 vereist dat de gehele bestelling wordt verzonden voordat deze kan worden uitgevoerd."
"%1 returned an unexpected response while verifying this API key, so it could not be confirmed. Please try again shortly.","%1 heeft een onverwacht antwoord geretourneerd tijdens het verifiëren van deze API-sleutel, dus deze kon niet worden bevestigd. Probeer het binnenkort opnieuw."
"%1 terms and conditions","%1 voorwaarden en condities"
"* Required Fields","* Verplichte velden"
"API key is missing","API-sleutel ontbreekt"
"API key is valid","API-sleutel is geldig"
"Click to find out more","Klik om meer te weten te komen"
"Show PO number field","Veld voor PO-nummer weergeven"
"This API key could not be verified by %1 (HTTP %2).","Deze API-sleutel kon niet worden geverifieerd door %1 (HTTP %2)."
"This API key was rejected by %1. It may be invalid, expired, or issued for a different environment.","Deze API-sleutel is geweigerd door %1. De sleutel is mogelijk ongeldig of verlopen, of is uitgegeven voor een andere omgeving."
"Show department field","Afdelingsveld weergeven"
"Show order note field","Bestelnotitieveld weergeven"
"Show project field","Projectveld weergeven"
"Allowed countries","Toegestane landen"
"Cannot convert surcharge from %1 to %2: no exchange rate is currently available.","Kan de toeslag niet converteren van %1 naar %2: er is momenteel geen wisselkoers beschikbaar."
"Choose whether to enable this payment method for all allowed countries or only specific ones.","Kies of je de betaalmethode voor alle toegestane of specifieke landen wilt inschakelen."
"Country availability","Beschikbaarheid per land"
"Select the countries where this payment method should be available.","Selecteer de landen waar deze betaalmethode beschikbaar moet zijn."
"Amount is missing","Bedrag ontbreekt"
"Business Invoice","Zakelijke factuur"
"Buy now, receive your goods, pay your invoice later.","Koop nu, ontvang uw goederen, betaal uw factuur later."
"Checking availability","Beschikbaarheid controleren"
"Check last 100 debug log records","Controleer de laatste 100 debug-logboek records"
"Check last 100 error log records","Controleer de laatste 100 foutenlogboek records"
"City","Stad"
"%1 is not valid.","%1 is niet geldig."
"%1: %2.","%1: %2."
"Click here to log in or sign up as a Sole Trader.","Klik hier om in te loggen of u aan te melden als zelfstandig ondernemer."
"Company Number","Bedrijfsnummer"
"Company Name","Bedrijfsnaam"
"Could not initiate capture with %1","Kon geen vastlegging starten met %1"
"Could not initiate refund with %1","Kon geen terugbetaling starten met %1"
"Could not update %1 order status to cancelled. Please contact support with order ID %2. Error: %3","Kon %1 orderstatus niet updaten naar geannuleerd. Neem contact op met support met bestelnummer %2. Fout: %3"
"Country","Land"
"Credit note","Creditnota"
"Department","Afdeling"
"Download","Download"
"Download as .txt file","Downloaden als .txt-bestand"
"EOM+%1: pay %1 days after the end of the month","EOM+%1: betaal %1 dagen na het einde van de maand"
"EOM+%1: pay %1 days after the end of the month, plus a %2 surcharge","EOM+%1: betaal %1 dagen na het einde van de maand, plus %2 toeslag"
"Email Address","E-mailadres"
"Autofill company address","Bedrijfsadres automatisch invullen"
"Enable company search in address entry","Bedrijf zoeken bij adresinvoer inschakelen"
"Enable order intent","Bestelintentie inschakelen"
"Enable payment method","Betaalmethode inschakelen"
"Validate tax subtotals","BTW-subtotalen valideren"
"Enter details manually","Gegevens handmatig invoeren"
"Enter manually","Handmatig invoeren"
"Environment","Omgeving"
"Failed to refund order with %1. Reason: %2","Het is niet gelukt om de bestelling met %1 terug te betalen. Reden: %2"
"Failed to update %1 customer address: %2","Kon het adres van klant %1 niet bijwerken: %2"
"First Name","Voornaam"
"Fulfilment order status","Status van vervulling bestelling"
"Fulfilment trigger","Trigger voor vervulling"
"General","Algemeen"
"Invalid API response from %1.","Ongeldige API-respons van %1."
"Invoice","Factuur"
"Invoice purchase with %1 is not available for this order.","Aankoop op factuur met %1 is niet beschikbaar voor deze bestelling."
"Last 100 debug log lines","Laatste 100 debug-logregels"
"Last 100 error log records","Laatste 100 foutenlogboek records"
"Last Name","Achternaam"
"Log is empty","Logboek is leeg"
"OK","OK"
"On Completion","Bij voltooiing"
"On Invoice","Op factuur"
"On Shipment","Bij verzending"
"Order Note","Bestelnotitie"
"Order edit request was accepted by %1","Bestellingswijzigingsverzoek is geaccepteerd door %1"
"PO Number","PO-nummer"
"Payment","Betaling"
"Payment method","Betaalmethode"
"Phone Number","Telefoonnummer"
"Place Order","Bestelling plaatsen"
"Please try again later.","Probeer het later opnieuw."
"Production","Productie"
"Project","Project"
"Registered company","Geregistreerd bedrijf"
"Sandbox","Zandbak"
"Search","Zoekopdracht"
"Search for company","Zoek naar bedrijf"
"Select a different sole trader","Selecteer een andere eenmanszaak"
"Sign up now","Meld u nu aan"
"Sole trader","Eenmanszaak"
"Something went wrong with your request to %1. %2","Er is iets misgegaan met uw verzoek aan %1. %2"
"Sort order","Sorteervolgorde"
"Street Address","Straatadres"
"Successfully refunded order with %1 for order ID: %2. Refund reference: %3","Bestelling succesvol terugbetaald met %1 voor bestelnummer: %2. Terugbetalingsreferentie: %3"
"TWO","TWO"
"The %1 payment plugin for Magento simplifies B2B shopping, making it easy and safe for merchants to offer invoices as a payment method.<br>The payment method lives next to other payment methods in your existing checkout, and offers a variety of configuration options to suit your businesses needs.<br>If you would like to know more about how to configure the plugin, check out our <a href=""%2"" target=""_blank"">step by step guide</a>.","De %1-betaalplug-in voor Magento vereenvoudigt B2B-shoppen en maakt het voor verkopers eenvoudig en veilig om facturen als betaalmethode aan te bieden. <br> De betaalmethode staat naast andere betaalmethoden in je bestaande kassa en biedt een verscheidenheid aan configuratieopties die aansluiten op de behoeften van je bedrijf. <br> Als je meer wilt weten over het configureren van de plug-in, bekijk dan onze <a href=""%2"" target=""_blank""> stapsgewijze handleiding </a> ."
"The buyer and the seller are the same company.","De koper en de verkoper zijn hetzelfde bedrijf."
"The capture action is not available.","De vastleg actie is niet beschikbaar."
"Title","Titel"
"Unable to confirm %1 order with %2 state.","Kan %1 bestelling met %2 status niet bevestigen."
"Unable to find the requested %1 order","Kan de gevraagde %1 bestelling niet vinden"
"Version","Versie"
"You must accept %1 to place order.","U moet %1 accepteren om de bestelling te plaatsen."
"Your invoice purchase with %1 could not be processed. The cart will be restored.","Uw factuuraankoop met %1 kon niet worden verwerkt. De winkelwagen wordt hersteld."
"Your invoice purchase with %1 failed verification. The cart will be restored.","Uw aankoop op factuur met %1 is niet geverifieerd. De winkelwagen wordt hersteld."
"Your invoice purchase with %1 has been cancelled. The cart will be restored.","Uw aankoop op factuur met %1 is geannuleerd. De winkelwagen wordt hersteld."
"Your invoice purchase with %1 has been declined.","Uw aankoop op factuur met %1 is geweigerd."
"Your invoice with %1 is likely to be accepted, subject to additional checks.","Uw factuur met %1 wordt waarschijnlijk geaccepteerd, mits er aanvullende controles worden uitgevoerd."
"Your request to %1 failed. Reason: %2","Uw verzoek aan %1 is mislukt. Reden: %2"
"Your sole trader account could not be verified.","Uw eenmanszaakaccount kon niet worden geverifieerd."
"Zip/Postal Code","Postcode"
"Invoice email address","E-mailadres factuur"
"Please ensure that your invoice email address list only contains valid email addresses separated by commas.","Zorg ervoor dat uw factuur-e-mailadreslijst alleen geldige e-mailadressen bevat, gescheiden door komma's."
"Enter %1 or more characters","Voer %1 of meer tekens in"
"Show invoice email field","Factuur-e-mailveld weergeven"
"Payment terms type","Type betaaltermijnen"
"Hyva Extension","Hyva-extensie"
"Checkout fields","Afrekenvelden"
"Standard","Standaard"
"End of Month","Einde van de maand"
"%1 days","%1 dagen"
"Controls the position of this payment method relative to other payment methods at checkout. Lower numbers appear first. Default is empty (no specific order).","Bepaalt de positie van deze betaalmethode ten opzichte van andere betaalmethoden bij het afrekenen. Lagere nummers verschijnen eerst. Standaard is leeg (geen specifieke volgorde)."
"Payment terms","Betaaltermijnen"
"Select the payment term that will be automatically selected for your customer. Automatic leaves the choice to the checkout, which uses your own default term when you offer it.","Kies de betaaltermijn die automatisch wordt geselecteerd voor je klant. Automatisch laat de keuze aan de checkout, die uw eigen standaardtermijn gebruikt als u die aanbiedt."
"Surcharge method","Toeslagstrategie"
"No surcharge applied","Geen toeslag"
"Select a method to surcharge your customer.","Kies een methode om kosten door te berekenen aan je klant."
"No","Nee"
"Percentage","Percentage"
"Fixed fee","Vast bedrag"
"Fixed fee and percentage","Vast bedrag en percentage"
"Surcharge calculation basis","Basis voor toeslagberekening"
"Total fee for selected term","Totale vergoeding voor geselecteerde termijn"
"Fee difference vs default payment term","Verschil ten opzichte van standaard betaaltermijn"
"Surcharge line description","Omschrijving toeslagregel"
"Payment terms fee","Toeslag betaaltermijnen"
"Payment terms fee - %1 days","Betaaltermijn toeslag - %1 dagen"
"Payment terms fee - %1 days from end of month","Betaaltermijn toeslag - %1 dagen vanaf einde maand"
"Custom surcharge tax rate (%)","Aangepast BTW-tarief toeslag (%)"
"Surcharge tax treatment","BTW-behandeling toeslag"
"-- Select surcharge tax treatment --","-- Selecteer BTW-behandeling voor toeslag --"
"Custom flat rate (deprecated)","Aangepast vast tarief (verouderd)"
"Product Tax Class applied to the surcharge. Country, region and combined rates resolve exactly as they do for a product. To leave the surcharge untaxed, create a Tax Rule with a 0% rate and select its Product Tax Class here.","BTW-klasse die op de toeslag wordt toegepast. Land-, regio- en gecombineerde tarieven worden precies zo bepaald als voor een product. Om de toeslag onbelast te laten, maak je een belastingregel met een tarief van 0% en selecteer je de BTW-klasse daarvan hier."
"That surcharge tax treatment leaves the surcharge untaxed in every jurisdiction and is no longer available. Create a Tax Rule with a 0% rate and select its Product Tax Class instead.","Die BTW-behandeling laat de toeslag in elk rechtsgebied onbelast en is niet langer beschikbaar. Maak in plaats daarvan een belastingregel met een tarief van 0% en selecteer de BTW-klasse daarvan."
"The saved Surcharge tax treatment leaves the surcharge untaxed in every jurisdiction and is no longer available. Select a Surcharge tax treatment to save this configuration. To leave the surcharge untaxed, create a Tax Rule with a 0% rate and select its Product Tax Class.","De opgeslagen BTW-behandeling toeslag laat de toeslag in elk rechtsgebied onbelast en is niet langer beschikbaar. Selecteer een BTW-behandeling toeslag om deze configuratie op te slaan. Om de toeslag onbelast te laten, maakt u een belastingregel met een tarief van 0% en selecteert u de BTW-klasse daarvan."
"This store is set to a surcharge tax treatment that leaves the surcharge untaxed in every jurisdiction. That treatment is no longer available and this configuration can no longer be saved while it is selected.","Deze winkel staat op een BTW-behandeling voor de toeslag die de toeslag in elk rechtsgebied onbelast laat. Die behandeling is niet langer beschikbaar en deze configuratie kan niet worden opgeslagen zolang die is geselecteerd."
"Create a Tax Rule with a 0% rate and select its Product Tax Class here.","Maak een belastingregel met een tarief van 0% en selecteer de BTW-klasse daarvan hier."
"Manage Tax Rules","Belastingregels beheren"
"The ""Custom flat rate"" surcharge tax treatment is deprecated and only available to merchants with a previously configured Surcharge Tax Rate. Please select a tax class instead.","De BTW-behandeling ""Aangepast vast tarief"" is verouderd en alleen beschikbaar voor verkopers met een eerder geconfigureerd BTW-tarief voor de toeslag. Selecteer in plaats daarvan een BTW-klasse."
"Deprecated flat tax rate. Only used with the Custom surcharge tax treatment above.","Verouderd vast BTW-tarief. Alleen gebruikt met de aangepaste BTW-behandeling hierboven."
"Leave empty to use your store's default tax rate (%1%). Enter 0 for tax-exempt.","Laat leeg om het standaard BTW-tarief van je winkel te gebruiken (%1%). Voer 0 in voor BTW-vrijstelling."
"Warning: No tax rules are configured for your store. Enter a rate manually, or enter 0 for tax-exempt.","Waarschuwing: er zijn geen belastingregels geconfigureerd voor je winkel. Voer handmatig een tarief in of voer 0 in voor BTW-vrijstelling."
"To set up automatic tax resolution:","Om automatische belastingberekening in te stellen:"
"Term","Termijn"
"Fixed amount","Vast bedrag"
"Percent of fee","Percentage van de fee"
"Limit","Limiet"
"Use Default","Gebruik standaard"
"default","standaard"
"No payment terms selected. Select payment terms above to configure surcharges.","Geen betaaltermijnen geselecteerd. Selecteer hierboven betaaltermijnen om toeslagen te configureren."
"Payment Term","Betaaltermijn"
"days","dagen"
"day","dag"
"Selected payment terms","Gewenste betaaltermijn"
"Selected payment term is not available.","Geselecteerde betaaltermijn is niet beschikbaar."
"The selected payment term was not applied. Reload the page and select it again.","De geselecteerde betaaltermijn is niet toegepast. Laad de pagina opnieuw en selecteer de termijn nogmaals."
"Applying the selected payment term…","De geselecteerde betaaltermijn wordt toegepast…"
"Could not update payment term.","Kan betaaltermijn niet bijwerken."
"Please try again.","Probeer het opnieuw."
"Please select a country first","Selecteer eerst een land"
"Activates this plugin as a payment option in the checkout page","Activeert deze plugin als betaalmethode op de afrekenpagina."
"Descriptive title which gives the buyer a better understanding of this payment method","Beschrijvende titel die de koper een beter begrip geeft van deze betaalmethode."
"Optional field which enables the buyer to register the department the purchase is connected to. The information is eventually displayed on the invoice.","Optioneel veld waarmee de koper de afdeling kan registreren waaraan de aankoop is gekoppeld. De informatie verschijnt uiteindelijk op de factuur."
"Optional field which enables the buyer to register a note to the merchant. The information is eventually displayed on the invoice.","Optioneel veld waarmee de koper een opmerking aan de verkoper kan registreren. De informatie verschijnt uiteindelijk op de factuur."
"Optional field which enables the buyer to register the project the purchase is connected to. The information is eventually displayed on the invoice.","Optioneel veld waarmee de koper het project kan registreren waaraan de aankoop is gekoppeld. De informatie verschijnt uiteindelijk op de factuur."
"Optional field which enables the buyer to register their purchase order number.","Optioneel veld waarmee de koper het inkoopordernummer kan registreren."
"Let your buyer input additional emails to forward the invoice to on order fulfilment.","Laat uw koper aanvullende e-mailadressen invoeren om de factuur door te sturen bij bestellingsuitvoering."
"Select your company from the dropdown to continue.","Selecteer uw bedrijf uit de lijst om door te gaan."
"Surcharge refund must be a valid amount (e.g. 1.50 or 1,50).","Toeslagrestitutie moet een geldig bedrag zijn (bijv. 1.50 of 1,50)."
"Surcharge refund cannot be negative.","Toeslagrestitutie mag niet negatief zijn."
"Surcharge refund (%1) exceeds the remaining refundable surcharge (%2).","Toeslagrestitutie (%1) overschrijdt de resterende restitueerbare toeslag (%2)."
"API key","API-sleutel"
"Select between sandbox and production environment. The sandbox environment is for testing purposes and does not involve real money.","Kies tussen zandbak en productie omgeving. De zandbak omgeving is om te testen en maakt geen gebruik van echt geld."
"API key for sandbox environment is available on your merchant portal (however please reach out to integration@two.inc for access to production keys).","API sleutel voor de zandbak omgeving is beschikbaar in het Verkopersportaal (neem contact op met integration@two.inc voor toegang tot productie sleutels)"
"The debug mode enables writing to the error logs below. Debug mode should only be enabled when the sandbox environment is active","De debug modus maakt opnemen in het foutenlogboek mogelijk. Debug modus moet alleen ingeschakeld zijn wanneer de zandbak omgeving actief is."
"When enabled, the buyer may search for their company within the address entry section of the checkout. Otherwise, company search will be visible within the payment method.","Wanneer dit is ingeschakeld, kan de koper zijn bedrijf zoeken in het adresgedeelte van de checkout. Anders is bedrijf zoeken zichtbaar binnen de betaalmethode."
"Two surcharge","Betalingstoeslag"
"%1 days - %2: value cannot be negative.","%1 dagen - %2: waarde mag niet negatief zijn."
"%1 days - fixed amount: maximum is %2.","%1 dagen - vast bedrag: maximum is %2."
"%1 days - percentage: maximum is %2.","%1 dagen - percentage: maximum is %2."
"30 days","30 dagen"
"60 days","60 dagen"
"90 days","90 dagen"
"Add optional tax_subtotals metadata to order creation payload to enforce additional validation (recommended).","Voeg optionele BTW-subtotalen toe aan order creatie data om extra validatie toe te passen (aanbevolen)."
"All Allowed Countries","Alle toegestane landen"
"Amounts are shown in %1.","Bedragen worden getoond in %1."
"Developed by Magmodules.","Ontwikkeld door Magmodules."
"Enter the amount you want to charge your customer.","Vul het bedrag in dat je bij je klant in rekening wilt brengen."
"Max %1.","Max %1."
"Enter the percentage of the fee's cost to you that you want the surcharge to recover. 100% means the fee no longer reduces your revenue at all.","Vul het percentage van de fee-kosten voor jou in dat je met de toeslag wilt terugverdienen. 100% betekent dat de fee je omzet niet langer verlaagt."
"Enter the amount and percentage of the fee charged to you that you want to offset with a surcharge. Max 100%.","Vul het bedrag en het percentage van de fee die aan jou in rekening wordt gebracht in dat je met een toeslag wilt compenseren. Max 100%."
"Enter a limit amount (in %1) if you do not want to charge your customer more than a specific amount. Leave the limit field empty if you don't want to impose a limit amount.","Vul een limietbedrag (in %1) in als je je klant niet meer dan een specifiek bedrag in rekening wilt brengen. Laat het limietveld leeg als je geen limietbedrag wilt instellen."
"Fulfilment can be triggered by either initializing shipping or creating an invoice in the Magento admin","Vervulling kan getriggerd worden door verzending of door een factuur aan te maken in het Magento portaal"
"I accept the %1 and authorize %2 to process my data automatically.","Ik accepteer de %1 en geef toestemming aan %2 voor automatische verwerking van mijn gegevens."
"Payment surcharge configuration","Configuratie van toeslagen"
"Perform a check during checkout to inform the buyer whether an order is likely to be accepted before being placed (recommended).","Doe een controle tijdens checkout om de koper te informeren of de bestelling waarschijnlijk geaccepteerd zal worden voordat deze geplaatst wordt (aanbevolen)."
"Select the payment term(s) you want to offer.","Selecteer de betaaltermijn(en) die je wilt aanbieden."
"Specific Countries","Specifieke landen"
"Warning: The fixed fee limit of %1 %2 cannot be enforced correctly because no exchange rate is currently available from %3 to %4.","Waarschuwing: de vaste toeslaglimiet van %1 %2 kan niet correct worden toegepast omdat er momenteel geen wisselkoers beschikbaar is van %3 naar %4."
"Yes","Ja"
"payment terms","betaalvoorwaarden"
"Max refundable: %1","Maximaal terugbetaalbaar: %1"
"Surcharge rounding","Afronden van Toeslag"
"Rounding step","Afronding"
"None","Geen"
"Up","Naar boven"
"Down","Naar beneden"
"Snap the buyer surcharge line item to a clean increment. Select None for standard two-decimal amounts.","Rond de toeslag voor je klant af naar een gekozen hoeveelheid. Selecteer Geen om geen afronding toe te passen."
"Increment the surcharge is rounded to (e.g. 1 = whole units, 0.50 = nearest half).","Kies naar welk bedrag je wilt afronden (1 = heel bedrag, 0,50 = dichtstbijzijnde helft)"
"Company search is temporarily unavailable. Please try again, or enter details manually.","Zoeken naar bedrijven is tijdelijk niet beschikbaar. Probeer het opnieuw of voer de gegevens handmatig in."
"Company search is unavailable right now. Please try again shortly.","Zoeken naar bedrijven is op dit moment niet beschikbaar. Probeer het binnenkort opnieuw."
"Minimum order value","Minimale bestelwaarde"
"Minimum order value tax basis","BTW-basis voor minimale bestelwaarde"
"Whether the basket is compared against the minimum including or excluding tax","Of de winkelwagen wordt vergeleken met het minimum inclusief of exclusief BTW"
"<strong>Standard:</strong> Payment due after a fixed number of days from fulfilment.<br/><strong>End of Month:</strong> Payment due at the end of month plus additional days from fulfilment.","<strong>Standaard:</strong> Betaling verschuldigd na een vast aantal dagen vanaf vervulling.<br/><strong>Einde van de maand:</strong> Betaling verschuldigd aan het einde van de maand plus extra dagen vanaf vervulling."
"Description shown to the buyer for the surcharge line item. Use <strong>%1</strong> to insert the selected number of days (e.g. ""Payment terms fee - %1 days""). If you leave the default, the word <em>days</em> is translated per locale. With an end-of-month payment terms type, the default switches to its end-of-month wording.","Omschrijving die aan de koper wordt getoond voor de toeslagregel. Gebruik <strong>%1</strong> om het gekozen aantal dagen in te voegen (bijv. ""Betaaltermijn toeslag - %1 dagen""). Als je de standaardwaarde laat staan, wordt het woord <em>dagen</em> per taal vertaald. Bij het type betaaltermijnen vanaf einde maand schakelt de standaardwaarde over naar de formulering voor einde maand."
"Hide the payment method below this order value (store base currency, on the tax basis selected below). Leave empty for no minimum.","Verberg de betaalmethode onder deze bestelwaarde (basisvaluta van de winkel, op de hieronder geselecteerde BTW-basis). Laat leeg voor geen minimum."
"Platform minimum %1, %2 tax. A value here is interpreted in the store base currency on the tax basis selected below and must be at least this.","Platformminimum %1, %2 BTW. Een waarde hier wordt geïnterpreteerd in de basisvaluta van de winkel op de hieronder geselecteerde BTW-basis en moet minimaal dit bedrag zijn."
"including","inclusief"
"excluding","exclusief"
"Minimum order value, %1","Minimale bestelwaarde, %1"
"Including tax (gross)","Inclusief BTW (bruto)"
"Excluding tax (net)","Exclusief BTW (netto)"
"Invoice purchase with %1 is not available for this order. Minimum order value is %2 %3 tax.","Aankoop op factuur met %1 is niet beschikbaar voor deze bestelling. De minimale bestelwaarde is %2 %3 BTW."
"Minimum order value must be at least the platform minimum of %1, %2 tax.","De minimale bestelwaarde moet minimaal het platformminimum van %1 zijn, %2 BTW."
"Minimum order value must be a non-negative number.","De minimale bestelwaarde moet een niet-negatief getal zijn."
"Merchant ID:","Verkoper-ID:"
"Refund %1","Terugbetaling %1"
"Surcharge","Toeslag"
"Please select a surcharge tax treatment. A surcharge method is enabled (see the Surcharge method field), so the Surcharge tax treatment field must be chosen explicitly before this configuration can be saved.","Selecteer een BTW-behandeling voor de toeslag. Er is een toeslagmethode ingeschakeld (zie het veld Toeslagstrategie), dus het veld BTW-behandeling toeslag moet expliciet worden gekozen voordat deze configuratie kan worden opgeslagen."
"Unable to calculate payment terms surcharge. Please try again in a moment.","Kan de toeslag voor betaaltermijnen niet berekenen. Probeer het over een moment opnieuw."
"Two payment is temporarily unavailable. Please try another payment method or contact support (ref: %1).","Betalen met Two is tijdelijk niet beschikbaar. Probeer een andere betaalmethode of neem contact op met support (ref: %1)."
"Two payment is temporarily unavailable. Please try another payment method or contact support.","Betalen met Two is tijdelijk niet beschikbaar. Probeer een andere betaalmethode of neem contact op met support."
"Pricing API response missing required field: buyer_fee_share","Antwoord van de Pricing API mist een verplicht veld: buyer_fee_share"
"Pricing API returned currency %1 but order currency is %2.","De Pricing API gaf valuta %1 terug, maar de valuta van de bestelling is %2."
"Surcharge tax calculation returned no result for the surcharge line (%1 currency pass).","De BTW-berekening voor de toeslag gaf geen resultaat voor de toeslagregel (%1-valutaronde)."
"Could not synchronise the cancellation with %1. The order has not been cancelled. Please try again, or contact support if this persists.","Kon de annulering niet synchroniseren met %1. De bestelling is niet geannuleerd. Probeer het opnieuw, of neem contact op met support als dit blijft gebeuren."
"Invoice uploaded to Two successfully.","Factuur is succesvol geüpload naar Two."
"Invoice upload failed: %1","Uploaden van factuur mislukt: %1"
"⚠ deployment incomplete — code newer than compiled assets; run setup:static-content:deploy","⚠ implementatie onvolledig — code is nieuwer dan de gecompileerde assets; voer setup:static-content:deploy uit"
"Use Website Value","Gebruik websitewaarde"
"Invoice purchase with %1 requires a company number. Please add your company details and try again.","Aankoop op factuur met %1 vereist een KVK-nummer. Vul uw bedrijfsgegevens in en probeer het opnieuw."
"%1 days - limit: a limit of 0 is not allowed. To charge nothing on this term, set the fixed amount and percentage to 0 instead, and leave the limit empty.","%1 dagen - limiet: een limiet van 0 is niet toegestaan. Als je voor deze termijn niets in rekening wilt brengen, stel dan het vaste bedrag en het percentage in op 0 en laat het limietveld leeg."
"A limit of 0 is not allowed. To charge nothing on this term, set the fixed amount and percentage to 0 instead, and leave the limit empty.","Een limiet van 0 is niet toegestaan. Als je voor deze termijn niets in rekening wilt brengen, stel dan het vaste bedrag en het percentage in op 0 en laat het limietveld leeg."
"A limit of 0 is not allowed. To charge nothing on a term, set the fixed amount and the percentage for that term to 0 instead.","Een limiet van 0 is niet toegestaan. Als je voor een termijn niets in rekening wilt brengen, stel dan het vaste bedrag en het percentage van die termijn in op 0."
"The limit applies to the whole fee: the percentage and the fixed amount together, not the percentage alone.","De limiet geldt voor de hele fee: het percentage en het vaste bedrag samen, niet alleen het percentage."
"%1 days - %2: value must be a number.","%1 dagen - %2: waarde moet een getal zijn."
"This order could not be placed. Please contact the merchant.","Deze bestelling kon niet worden geplaatst. Neem contact op met de verkoper."
"The payment terms you selected are no longer available. Please select your payment terms again.","De betalingsvoorwaarden die u hebt gekozen zijn niet langer beschikbaar. Selecteer opnieuw uw betalingsvoorwaarden."
"A limit of 0 is stored for payment terms not shown in the grid (%1 days), and a percentage surcharge would clamp those terms to no fee at all. Select those terms in the Payment terms setting to clear their limit, then save again.","Voor betalingsvoorwaarden die niet in de tabel staan (%1 dagen) is een limiet van 0 opgeslagen, waardoor een procentuele toeslag die voorwaarden op nul kosten vastzet. Selecteer die voorwaarden in de instelling Betalingsvoorwaarden om de limiet te wissen en sla opnieuw op."
"Platform minimum %1, %2 tax. A value here is interpreted in %3 on the tax basis selected below, and no exchange rate for %4 to %3 is currently available, so the two cannot be compared. Configure the rate under Stores > Currency Rates.","Platformminimum %1, %2 btw. Een waarde hier wordt geïnterpreteerd in %3 op de hieronder gekozen belastinggrondslag, en er is momenteel geen wisselkoers van %4 naar %3 beschikbaar, waardoor de twee niet vergeleken kunnen worden. Stel de koers in via Winkels > Valutakoersen."
"Checking API key…","API-sleutel controleren…"
"Please select your company before paying with %1.","Selecteer uw bedrijf voordat u betaalt met %1."
"Too many requests. Please wait a moment and try again.","Te veel aanvragen. Wacht een moment en probeer het opnieuw."
"The service is temporarily unavailable. Please try again.","De service is tijdelijk niet beschikbaar. Probeer het opnieuw."
"The payment integration is not available right now.","De betaalintegratie is op dit moment niet beschikbaar."
"Invalid order intent payload.","Ongeldige inhoud van de orderaanvraag."
"Invalid company search request.","Ongeldige aanvraag voor bedrijfszoekopdracht."
"Invalid company lookup request.","Ongeldige aanvraag voor bedrijfsgegevens."
"This order is too large to send for approval.","Deze bestelling is te groot om ter goedkeuring te versturen."
"We could not fetch this company's address. Please enter it below.","We konden het adres van dit bedrijf niet ophalen. Voer het hieronder in."
"We could not fill in this company's address on this page.","We could not fill in this company's address on this page."
"Trusted proxies","Vertrouwde proxy's"
"Trusted proxies: ""%1"" is not a valid IP address or CIDR range.","Vertrouwde proxy's: ""%1"" is geen geldig IP-adres of CIDR-bereik."
"Custom request headers","Aangepaste verzoekheaders"
"Extra HTTP headers sent on every call this store makes to the %1 API, for merchants whose firewall or gateway requires one — a coarse network gate, not a credential. Tick ""Also send from browser"" only where your IT administrator needs the header on calls from the buyer's browser as well as those from your server: a ticked header is published to the buyer's browser and may be read by anyone. Check with support before ticking one — the browser's own direct call is refused unless %1 already allows that header name on it.","Extra HTTP-headers die worden meegestuurd bij elke aanroep die deze winkel naar de %1-API doet, voor verkopers wier firewall of gateway dit vereist — een grove netwerkbeveiliging, geen inloggegevens. Vink ""Ook vanuit de browser verzenden"" alleen aan waar uw IT-beheerder de header nodig heeft bij aanroepen vanuit de browser van de koper naast die vanaf uw server: een aangevinkte header wordt gepubliceerd naar de browser van de koper en kan door iedereen worden gelezen. Neem contact op met support voordat u dit aanvinkt — de directe aanroep vanuit de browser wordt geweigerd tenzij %1 die headernaam daarvoor al toestaat."
"Header name","Headernaam"
"Header value","Headerwaarde"
"Also send from browser","Ook vanuit de browser verzenden"
"Add header","Header toevoegen"
"Custom headers: ""%1"" is listed more than once. Give each header one row.","Aangepaste headers: ""%1"" staat meer dan één keer in de lijst. Geef elke header één rij."
"Custom headers: ""%1"" has no value. Give it one, or remove the row.","Aangepaste headers: ""%1"" heeft geen waarde. Geef er een waarde aan of verwijder de rij."
"Custom headers: row %1 has a value but no header name.","Aangepaste headers: rij %1 heeft een waarde maar geen headernaam."
"Custom headers: the value for ""%1"" may only contain printable ASCII characters — no line breaks, control characters, or non-ASCII text.","Aangepaste headers: de waarde voor ""%1"" mag alleen afdrukbare ASCII-tekens bevatten — geen regeleinden, controletekens of niet-ASCII-tekst."
"Custom headers: the table could not be stored. Check the values for stray characters.","Aangepaste headers: de tabel kon niet worden opgeslagen. Controleer de waarden op ongewenste tekens."
"Custom headers: ""%1"" is not a valid HTTP header name.","Aangepaste headers: ""%1"" is geen geldige HTTP-headernaam."
"Custom headers: ""%1"" is a reserved header name and cannot be sent from this table.","Aangepaste headers: ""%1"" is een gereserveerde headernaam en kan niet vanuit deze tabel worden verzonden."
"Disable checkout rate limiting","Snelheidsbeperking in de afrekening uitschakelen"
"Order management","Orderbeheer"
"Diagnostics","Diagnostiek"
"Default shipping tax class","Standaard btw-klasse voor verzending"
"Default shipping tax rate (%) (deprecated)","Standaard btw-tarief voor verzending (%) (verouderd)"
"Debug & logging","Foutopsporing en logging"
"Enable debug logging","API-logging inschakelen"
"Admin controls","Beheerdersinstellingen"
"Clear settings on module uninstall","Instellingen wissen bij het verwijderen van de module"
"Disable SSL verification","SSL-verificatie uitschakelen"
"Health","Status"
"Health checklist","Statuscontrolelijst"
"Verified","Geverifieerd"
"Not verified","Niet geverifieerd"
"Not set","Niet ingesteld"
"Enabled","Ingeschakeld"
"Disabled","Uitgeschakeld"
"SSL verification","SSL-verificatie"
"Security warning: SSL verification is disabled while the Environment is set to Production.","Veiligheidswaarschuwing: SSL-verificatie is uitgeschakeld terwijl de omgeving op productie staat."
"Availability","Beschikbaarheid"
"Company lookup","Bedrijfsopzoeking"
"Subtitle","Subtitel"
"Title & display","Titel en weergave"
"Vendor name (optional)","Leveranciersnaam (optioneel)"
"Display input tooltips","Weergave van invoertooltips"
"Custom payment terms (days)","Aangepaste betaaltermijnen (dagen)"
"Default payment terms","Standaard betaaltermijnen"
"Other charges","Overige kosten"
"Refund other charges","Overige kosten terugbetalen"
"No matches found","Geen overeenkomsten gevonden"
"The shipping method is missing. Select the shipping method and try again.","De verzendmethode ontbreekt. Selecteer de verzendmethode en probeer het opnieuw."
"Your order is already being placed. Please wait.","Uw bestelling wordt al geplaatst. Een moment geduld."
"Use Default Value","Gebruik standaardwaarde"
"%1 surcharge","%1-toeslag"
"%1 order id","%1-bestelnummer"
"Refund %1 surcharge","%1-toeslag terugbetalen"
"What is %1?","Wat is %1?"
"%1 is not available for this order","%1 is niet beschikbaar voor deze bestelling"
"%1 is not available for this order by %2 (%3)","%1 is niet beschikbaar voor deze bestelling van %2 (%3)"
"%1 results are available, use up and down arrow keys to navigate.","%1 resultaten zijn beschikbaar, gebruik de pijltoetsen omhoog en omlaag om te navigeren."
"1 result is available, use up and down arrow keys to navigate.","1 resultaat is beschikbaar, gebruik de pijltoetsen omhoog en omlaag om te navigeren."
"This payment method is not available for the selected company.","Deze betaalmethode is niet beschikbaar voor het geselecteerde bedrijf."
"This order is likely to be accepted by %1","Deze bestelling wordt waarschijnlijk geaccepteerd door %1"
"This order by %2 (%3) is likely to be accepted by %1","Deze bestelling van %2 (%3) wordt waarschijnlijk geaccepteerd door %1"
"Show ""What is Two"" link","Toon de link ""Wat is Two"""
"Show a link at checkout explaining Two's buy-now-pay-later offering to the buyer.","Toon bij het afrekenen een link die de koper het koop nu, betaal later-aanbod van Two uitlegt."
"Addresses of your own reverse proxies, load balancers or CDN egress, as IPs or CIDR ranges, separated by commas or new lines. These IP addresses will be exempt from rate limiting.","Adressen van uw eigen reverse proxy's, load balancers of CDN-uitgangen, als IP's of CIDR-bereiken, gescheiden door komma's of nieuwe regels. Deze IP-adressen zijn uitgesloten van snelheidsbeperking."
"Autocomplete address based on selected country and company. Unavailable while company search is not in the address entry section — with search relocated to the payment method there is no address step left for it to fill.","Automatisch invullen van adres gebaseerd op geselecteerd land en bedrijf. Niet beschikbaar zolang het zoeken naar bedrijven niet bij de adresinvoer staat — als het zoeken is verplaatst naar de betaalmethode, is er geen adresstap meer om in te vullen."
"Deprecated flat rate. Only used when default_shipping_tax_class above is unset.","Verouderd vast tarief. Wordt alleen gebruikt wanneer default_shipping_tax_class hierboven niet is ingesteld."
"Only used when a shipping method charges tax but Magento declares no rate for it. The rate is resolved through this Product Tax Class against the order's shipping destination, the same way a product's tax is resolved. Leave unselected to refuse such orders instead of assuming a rate.","Wordt alleen gebruikt wanneer een verzendmethode btw in rekening brengt maar Magento er geen tarief voor opgeeft. Het tarief wordt bepaald via deze BTW-klasse op basis van de verzendbestemming van de bestelling, op dezelfde manier als de btw van een product wordt bepaald. Laat dit niet geselecteerd om dergelijke bestellingen te weigeren in plaats van een tarief aan te nemen."
"Optional subtitle shown beneath the title at checkout. Can be set per store view.","Optionele ondertitel die bij het afrekenen onder de titel wordt weergegeven. Kan per winkelweergave worden ingesteld."
"Subtitle accepts plain text and a single link only; ""%1"" would be shown as ""%2"".","De ondertitel accepteert alleen platte tekst en één link; ""%1"" wordt weergegeven als ""%2""."
"Show a hover tooltip with the field label on the optional checkout field inputs above.","Toon een tooltip met het veldlabel bij de optionele afrekenvelden hierboven."
"Total fee charges the configured surcharge for the chosen term. Fee difference charges only the difference versus the default payment term.","Totale vergoeding brengt de ingestelde toeslag voor de gekozen termijn in rekening. Verschil in vergoeding brengt alleen het verschil ten opzichte van de standaard betaaltermijn in rekening."
"When this module is uninstalled (bin/magento module:uninstall), delete its stored configuration instead of leaving it behind.","Wanneer deze module wordt verwijderd (bin/magento module:uninstall), verwijder dan de opgeslagen configuratie in plaats van deze achter te laten."
"If fulfilment trigger is On Completion, select one or more order statuses which can trigger fulfilment. <strong>Leave this empty and no order status triggers fulfilment, so %1 is never notified that an order was fulfilled.</strong>","Als de vervullingstrigger op Bij voltooiing staat, selecteer dan een of meer orderstatussen die vervulling kunnen triggeren. <strong>Laat dit leeg en geen enkele orderstatus triggert vervulling, waardoor %1 nooit wordt gemeld dat een order is vervuld.</strong>"
"If this store represents one of several vendor sites sharing the same Two merchant account, enter a name here to identify this specific site/vendor. It is sent as the ""vendor_name"" field on every order Two receives from this store, and is not shown to buyers. Leave blank if you only run a single site.","Als deze winkel een van meerdere leverancierssites is die dezelfde Two-handelaarsaccount delen, voer hier een naam in om deze specifieke site/leverancier te identificeren. Deze wordt verzonden als het veld ""vendor_name"" bij elke bestelling die Two van deze winkel ontvangt en wordt niet aan kopers getoond. Laat leeg als u slechts één site beheert."
"Removes the per-caller ceiling on the company-lookup and order-intent routes. The ceiling is on by default. <strong>If this store sits behind a CDN, load balancer or reverse proxy and <em>Trusted proxies</em> above is empty, every buyer arrives as that one address and shares a single ceiling — buyers are then refused mid-checkout with a too-many-requests message.</strong> The fix is to fill in <strong>Trusted proxies</strong>, which lets the ceiling tell buyers apart; switch this On only as a stopgap while you get that list, and back Off afterwards.","Verwijdert de limiet per aanroeper op de routes voor bedrijfsopzoeking en orderintentie. De limiet staat standaard aan. <strong>Als deze winkel achter een CDN, load balancer of reverse proxy staat en <em>Vertrouwde proxy's</em> hierboven leeg is, komt elke koper binnen als dat ene adres en delen zij één limiet — kopers worden dan halverwege het afrekenen geweigerd met een melding over te veel verzoeken.</strong> De oplossing is <strong>Vertrouwde proxy's</strong> invullen, waardoor de limiet kopers uit elkaar kan houden; zet dit alleen aan als tijdelijke maatregel terwijl u die lijst opstelt, en zet het daarna weer uit."
"Two: checkout rate limiting is on and no trusted proxies are set. If this store sits behind a CDN, load balancer or reverse proxy, every buyer reaches it as one address and shares a single request ceiling, so buyers can be refused mid-checkout. <a href=""%1"">Set Trusted proxies</a>, or leave this if the store is reached directly.","Two: snelheidsbeperking in de afrekening staat aan en er zijn geen vertrouwde proxy's ingesteld. Als deze winkel achter een CDN, load balancer of reverse proxy staat, bereikt elke koper de winkel als één adres en delen zij één verzoeklimiet, waardoor kopers halverwege het afrekenen geweigerd kunnen worden. <a href=""%1"">Vertrouwde proxy's instellen</a>, of laat dit zo als de winkel direct wordt bereikt."
"<strong>WARNING: unsafe for production.</strong> Skips TLS certificate verification on outbound calls to the Two API. Only enable this if this store sits behind a corporate proxy that terminates TLS with its own certificate. Leave this Off everywhere else.","<strong>WAARSCHUWING: onveilig voor productie.</strong> Slaat TLS-certificaatverificatie over bij uitgaande aanroepen naar de Two-API. Schakel dit alleen in als deze winkel achter een bedrijfsproxy staat die TLS met een eigen certificaat afhandelt. Laat dit overal elders uitgeschakeld."
"Merchant profile","Verkopersprofiel"
"Refresh merchant profile","Verkopersprofiel vernieuwen"
"Your offerable payment terms, buyer-surcharge cap, minimum order value and default term are read from Two and cached. They are refreshed once a day by the scheduled job and whenever the API key or environment is saved; use this to pull a change through now.","De betaaltermijnen die u kunt aanbieden, het maximum voor de kopertoeslag, de minimale orderwaarde en de standaardtermijn worden bij Two opgehaald en in de cache bewaard. Ze worden eenmaal per dag door de geplande taak vernieuwd en telkens wanneer de API-sleutel of de omgeving wordt opgeslagen; gebruik dit om een wijziging nu direct op te halen."
"Merchant profile refreshed.","Verkopersprofiel vernieuwd."
"Could not refresh the merchant profile — the previously loaded values are still in use. Check that the API key for this scope is valid and that the Two API is reachable.","Kon het verkopersprofiel niet vernieuwen — de eerder geladen waarden zijn nog in gebruik. Controleer of de API-sleutel voor dit bereik geldig is en of de Two API bereikbaar is."
"Refreshing…","Vernieuwen…"
"Could not refresh the merchant profile.","Kon het verkopersprofiel niet vernieuwen."
"Refreshed %1 of %2 merchant profiles. The rest still use their previously loaded values — check the API key and environment on the store views that use them.","%1 van %2 verkopersprofielen vernieuwd. De overige gebruiken nog de eerder geladen waarden — controleer de API-sleutel en de omgeving op de winkelweergaven die ze gebruiken."
"This scope no longer exists — reload the page and try again.","Dit bereik bestaat niet meer — laad de pagina opnieuw en probeer het nog eens."
"No API key is set at this scope, so there is no merchant profile to refresh.","Op dit bereik is geen API-sleutel ingesteld, dus er is geen verkopersprofiel om te vernieuwen."
"This website has no store view, so nothing reads the API key set here.","Deze website heeft geen winkelweergave, dus niets leest de hier ingestelde API-sleutel."
"Every store view in this website has its own API key, so nothing reads the one set here.","Elke winkelweergave van deze website heeft een eigen API-sleutel, dus niets leest de hier ingestelde sleutel."
"Refreshed %1 of %2 merchant profiles before the request ran out of time. Press again for the rest.","%1 van %2 verkopersprofielen vernieuwd voordat de tijd voor het verzoek verstreek. Druk nogmaals voor de rest."
"Two gateway","Two-gateway"
"Merchant profile fetched from Two: offerable payment terms, buyer-surcharge cap, minimum order value and default term.","Verkopersprofiel opgehaald bij Two: aan te bieden betaaltermijnen, maximale kopertoeslag, minimale orderwaarde en standaardtermijn."
"Refreshed %1","Vernieuwd %1"
"Never refreshed","Nooit vernieuwd"
"Refreshed %1 — the hourly refresh appears not to be running","Vernieuwd %1 — de uurlijkse vernieuwing lijkt niet te draaien"
"Missing when read at %1 — the hourly refresh appears not to be running","Ontbrak bij het lezen om %1 — de uurlijkse vernieuwing lijkt niet te draaien"
"Payment terms you are not able to offer: %1 days. Choose from: %2 days.","Betaaltermijnen die u niet kunt aanbieden: %1 dagen. Kies uit: %2 dagen."
"Unrecognised surcharge method: %1. Choose one of: %2.","Onbekende toeslagmethode: %1. Kies een van: %2."
"Remove","Verwijderen"
"Custom payment terms (days) can only be removed, not changed.","Aangepaste betaaltermijnen (dagen) kunnen alleen worden verwijderd, niet gewijzigd."
"Default payment terms names %1 days, which is not one of the terms you offer: %2 days. Choose one of those in this same save.","Standaardbetaaltermijn noemt %1 dagen, wat niet een van de termijnen is die u aanbiedt: %2 dagen. Kies er een in dezelfde bewerking."
"Custom payment terms (days) holds ""%1"", which is not a usable number of days. Choose Remove on that field to clear it.","Aangepaste betaaltermijnen (dagen) bevat %1, wat geen bruikbaar aantal dagen is. Kies Verwijderen bij dat veld om het te wissen."
"Custom payment terms (days) holds ""%1"", which is not a usable number of days: untick the inherit box on that field and choose Remove to clear it here, or choose Remove at the scope it is set on.","Aangepaste betaaltermijnen (dagen) bevat %1, wat geen bruikbaar aantal dagen is: vink het overervingsvakje bij dat veld uit en kies Verwijderen om het hier te wissen, of kies Verwijderen op het niveau waar het is ingesteld."
"Custom payment terms (days) of %1 is now one of the standard terms you offer, so it has been selected under Payment terms and the custom field cleared.","Aangepaste betaaltermijnen (dagen) van %1 is nu een van de standaardtermijnen die u aanbiedt, dus deze is geselecteerd onder Betaaltermijnen en het aangepaste veld is gewist."
"Legacy setting. This offers a custom term of %1 days after the end of the month. It is no longer supported and cannot be edited. Choose Remove to withdraw it, or use the payment terms above to change what you offer.","Verouderde instelling. Dit biedt een aangepaste termijn van %1 dagen na het einde van de maand. Deze wordt niet langer ondersteund en kan niet worden gewijzigd. Kies Verwijderen om deze in te trekken, of gebruik de betaaltermijnen hierboven om te wijzigen wat u aanbiedt."
"Legacy setting. This offers a custom term of %1 days from fulfilment. It is no longer supported and cannot be edited. Choose Remove to withdraw it, or use the payment terms above to change what you offer.","Verouderde instelling. Dit biedt een aangepaste termijn van %1 dagen vanaf uitvoering. Deze wordt niet langer ondersteund en kan niet worden gewijzigd. Kies Verwijderen om deze in te trekken, of gebruik de betaaltermijnen hierboven om te wijzigen wat u aanbiedt."
"Legacy setting currently holds ""%1"", which is not a usable number of days. It is no longer supported and cannot be edited, and this section cannot be saved until it is removed. Choose Remove to clear it.","Verouderde instelling bevat %1, wat geen bruikbaar aantal dagen is. Deze wordt niet langer ondersteund en kan niet worden gewijzigd, en deze sectie kan niet worden opgeslagen totdat deze is verwijderd. Kies Verwijderen om deze te wissen."
"Select at least one payment term.","Selecteer minstens één betaaltermijn."
"Fees could not be loaded because the pricing service could not be reached. The figures beside each term are missing, not zero.","De kosten konden niet worden geladen omdat de prijsservice niet bereikbaar was. De bedragen naast elke betalingstermijn ontbreken, ze zijn niet nul."
"Fees could not be refreshed, so the figures last retrieved are shown.","De kosten konden niet worden vernieuwd, dus de laatst opgehaalde bedragen worden weergegeven."
"Fees could not be refreshed, so the figures retrieved on %1 are shown.","De kosten konden niet worden vernieuwd, dus de op %1 opgehaalde bedragen worden weergegeven."
"Fees cannot be shown until an API key is saved for this scope.","De kosten kunnen niet worden weergegeven totdat er een API-sleutel voor dit bereik is opgeslagen."
"no figure","geen bedrag"
"Other charges refund must be a valid amount (e.g. 1.50 or 1,50).","Restitutie van overige kosten moet een geldig bedrag zijn (bijv. 1.50 of 1,50)."
"Other charges refund cannot be negative.","Restitutie van overige kosten mag niet negatief zijn."
"Other charges refund (%1) exceeds the remaining refundable other charges (%2).","Restitutie van overige kosten (%1) overschrijdt de resterende restitueerbare overige kosten (%2)."
"Other charges cannot be refunded on this credit memo: its tax is short by %1 against its own lines.","Overige kosten kunnen niet op deze creditnota worden terugbetaald: de BTW ervan komt %1 tekort ten opzichte van de eigen regels."
"Other charges cannot be refunded: the order has no usable currency conversion rate.","Overige kosten kunnen niet worden terugbetaald: de bestelling heeft geen bruikbare wisselkoers."
"Other charges refund (%1) exceeds what the order's remaining VAT allowance covers (%2).","Restitutie van overige kosten (%1) overschrijdt wat de resterende BTW-ruimte van de bestelling dekt (%2)."
"Other charges refund (%1) exceeds what is still refundable on this order (%2).","Restitutie van overige kosten (%1) overschrijdt wat er nog restitueerbaar is op deze bestelling (%2)."
"Other charges cannot be refunded on this credit memo: %1 of VAT is already granted, more than %2 of net carries.","Overige kosten kunnen niet op deze creditnota worden terugbetaald: er is al %1 BTW toegekend, meer dan %2 netto met zich meebrengt."
"Payment method at checkout","Betaalmethode in de checkout"
"Not shown at checkout","Niet zichtbaar in de checkout"
"the payment method is disabled. Check Enable payment method.","de betaalmethode is uitgeschakeld. Controleer Betaalmethode inschakelen."
"no API key is saved. Check API key.","er is geen API-sleutel opgeslagen. Controleer API-sleutel."
"the API key was rejected. Check API key and Environment.","de API-sleutel is geweigerd. Controleer API-sleutel en Omgeving."
"the saved surcharge method is not recognised. Check Surcharge method.","de opgeslagen toeslagstrategie wordt niet herkend. Controleer Toeslagstrategie."
"Shown at checkout","Zichtbaar in de checkout"
"no buyer countries are currently enabled for your account. Contact %1 to have them enabled.","er zijn momenteel geen landen van de koper geactiveerd voor uw account. Neem contact op met %1 om ze te laten activeren."
"hidden for baskets below %1","verborgen voor winkelwagens onder %1"
"hidden for baskets below %1 or %2","verborgen voor winkelwagens onder %1 of %2"
"excluding tax","exclusief btw"
"including tax","inclusief btw"
"the buyer countries on your account could not be read. Contact %1.","de landen van de koper op uw account konden niet worden gelezen. Neem contact op met %1."
"country availability is set to specific countries with none chosen. Check Allowed countries.","Beschikbaarheid per land staat op specifieke landen zonder dat er een is gekozen. Controleer Toegestane landen."
"minimum order value not known until your profile refreshes","minimumbestelwaarde nog niet bekend totdat uw profiel is vernieuwd"
"hidden for baskets in a currency the buyer surcharge cannot be priced in","verborgen voor winkelwagens in een valuta waarin de toeslag voor de koper niet kan worden berekend"
"offered only to buyers in %1","alleen aangeboden aan kopers in %1"
"offered to no buyer country, because the two country lists do not overlap","aan geen enkel land van de koper aangeboden, omdat de twee landenlijsten niet overlappen"
"Automatic","Automatisch"
"%1 (Excl. Tax)","%1 (Excl. BTW)"
"%1 (Incl. Tax)","%1 (Incl. BTW)"
"Cannot apply the surcharge limit in %1: no exchange rate is currently available.","Kan de toeslaglimiet in %1 niet toepassen: er is momenteel geen wisselkoers beschikbaar."
"EOM+%1","EOM+%1"
